"Date","Price","Open","High","Low","Vol.","Change %"
"11-03-2026","6.8616","6.8795","6.8776","6.8600","","-0.27%"
"10-03-2026","6.8799","6.8862","6.8972","6.8601","","-0.09%"
"09-03-2026","6.8863","6.9045","6.9344","6.8854","","-0.30%"
"06-03-2026","6.9070","6.9179","6.9199","6.8885","","-0.16%"
"05-03-2026","6.9178","6.8940","6.9287","6.8778","","0.35%"
"04-03-2026","6.8939","6.9178","6.9355","6.8883","","-0.35%"
"03-03-2026","6.9179","6.9011","6.9439","6.8744","","0.24%"
"02-03-2026","6.9012","6.8787","6.9138","6.8613","","0.57%"
"27-02-2026","6.8621","6.8445","6.8704","6.8383","","0.26%"
"26-02-2026","6.8445","6.8547","6.8568","6.8260","","-0.17%"
"25-02-2026","6.8560","6.8797","6.8824","6.8504","","-0.34%"
"24-02-2026","6.8797","6.8894","6.8969","6.8720","","-0.14%"
"23-02-2026","6.8894","6.8983","6.9001","6.8817","","-0.12%"
"20-02-2026","6.8979","6.9002","6.9066","6.8950","","-0.03%"
"19-02-2026","6.9002","6.8918","6.9060","6.8890","","0.13%"
"18-02-2026","6.8912","6.8856","6.8945","6.8817","","0.09%"
"17-02-2026","6.8848","6.8840","6.8940","6.8804","","0.02%"
"16-02-2026","6.8836","6.9020","6.9059","6.8803","","-0.25%"
"13-02-2026","6.9008","6.8986","6.9116","6.8957","","0.04%"
"12-02-2026","6.8980","6.9089","6.9092","6.8906","","-0.16%"
"11-02-2026","6.9089","6.9132","6.9200","6.9052","","-0.07%"
"10-02-2026","6.9134","6.9153","6.9191","6.9043","","-0.03%"
"09-02-2026","6.9152","6.9301","6.9339","6.9141","","-0.22%"
"06-02-2026","6.9304","6.9401","6.9423","6.9291","","-0.15%"
"05-02-2026","6.9411","6.9412","6.9482","6.9331","","0.01%"
"04-02-2026","6.9404","6.9345","6.9439","6.9283","","0.08%"
"03-02-2026","6.9347","6.9426","6.9445","6.9304","","-0.11%"
"02-02-2026","6.9424","6.9584","6.9634","6.9369","","-0.23%"
"30-01-2026","6.9587","6.9448","6.9622","6.9429","","0.20%"
"29-01-2026","6.9448","6.9435","6.9553","6.9376","","0.02%"
"28-01-2026","6.9437","6.9329","6.9494","6.9305","","0.15%"
"27-01-2026","6.9332","6.9487","6.9574","6.9310","","-0.23%"
"26-01-2026","6.9489","6.9483","6.9571","6.9427","","0.00%"
"23-01-2026","6.9492","6.9641","6.9673","6.9473","","-0.21%"
"22-01-2026","6.9641","6.9598","6.9790","6.9555","","0.06%"
"21-01-2026","6.9598","6.9557","6.9646","6.9530","","0.06%"
"20-01-2026","6.9557","6.9567","6.9584","6.9491","","-0.01%"
"19-01-2026","6.9567","6.9658","6.9692","6.9541","","-0.15%"
"16-01-2026","6.9674","6.9630","6.9704","6.9609","","0.06%"
"15-01-2026","6.9630","6.9714","6.9743","6.9610","","-0.12%"
"14-01-2026","6.9712","6.9730","6.9784","6.9671","","-0.03%"
"13-01-2026","6.9732","6.9691","6.9769","6.9658","","0.06%"
"12-01-2026","6.9692","6.9755","6.9781","6.9624","","-0.10%"
"09-01-2026","6.9761","6.9822","6.9842","6.9715","","-0.09%"
"08-01-2026","6.9822","6.9932","6.9961","6.9778","","-0.16%"
"07-01-2026","6.9935","6.9807","6.9943","6.9782","","0.18%"
"06-01-2026","6.9807","6.9830","6.9860","6.9730","","-0.03%"
"05-01-2026","6.9826","6.9698","6.9924","6.9679","","0.18%"
"02-01-2026","6.9698","6.9769","6.9792","6.9656","","-0.14%"
"01-01-2026","6.9796","6.9754","6.9802","6.9750","","0.05%"
"31-12-2025","6.9764","6.9919","6.9951","6.9743","","-0.23%"
"30-12-2025","6.9922","6.9977","7.0031","6.9802","","-0.08%"
"29-12-2025","6.9977","7.0041","7.0156","6.9932","","-0.09%"
"26-12-2025","7.0039","7.0003","7.0090","6.9973","","0.06%"
"25-12-2025","6.9996","7.0079","7.0114","6.9950","","-0.11%"
"24-12-2025","7.0075","7.0192","7.0201","7.0007","","-0.16%"
"23-12-2025","7.0190","7.0307","7.0334","7.0135","","-0.17%"
"22-12-2025","7.0307","7.0342","7.0375","7.0292","","-0.04%"
"19-12-2025","7.0337","7.0330","7.0384","7.0309","","0.01%"
"18-12-2025","7.0330","7.0399","7.0414","7.0303","","-0.10%"
"17-12-2025","7.0401","7.0357","7.0437","7.0313","","0.06%"
"16-12-2025","7.0357","7.0434","7.0448","7.0308","","-0.11%"
"15-12-2025","7.0434","7.0541","7.0560","7.0389","","-0.14%"
"12-12-2025","7.0534","7.0513","7.0571","7.0486","","0.03%"
"11-12-2025","7.0514","7.0608","7.0638","7.0475","","-0.13%"
"10-12-2025","7.0608","7.0610","7.0714","7.0567","","0.00%"
"09-12-2025","7.0609","7.0719","7.0732","7.0593","","-0.15%"
"08-12-2025","7.0716","7.0682","7.0734","7.0641","","0.04%"
"05-12-2025","7.0689","7.0715","7.0723","7.0624","","-0.04%"
"04-12-2025","7.0715","7.0586","7.0723","7.0550","","0.20%"
"03-12-2025","7.0576","7.0670","7.0684","7.0532","","-0.13%"
"02-12-2025","7.0670","7.0722","7.0775","7.0646","","-0.07%"
"01-12-2025","7.0721","7.0712","7.0739","7.0638","","0.00%"
"28-11-2025","7.0721","7.0745","7.0803","7.0662","","-0.03%"
"27-11-2025","7.0744","7.0704","7.0823","7.0642","","0.08%"
"26-11-2025","7.0690","7.0827","7.0867","7.0665","","-0.19%"
"25-11-2025","7.0826","7.1062","7.1079","7.0789","","-0.33%"
"24-11-2025","7.1060","7.1048","7.1116","7.1014","","0.01%"
"21-11-2025","7.1051","7.1178","7.1191","7.1029","","-0.17%"
"20-11-2025","7.1175","7.1174","7.1212","7.1116","","0.00%"
"19-11-2025","7.1174","7.1108","7.1209","7.1083","","0.09%"
"18-11-2025","7.1108","7.1081","7.1176","7.1061","","0.04%"
"17-11-2025","7.1081","7.0967","7.1116","7.0944","","0.11%"
"14-11-2025","7.1001","7.0970","7.1030","7.0902","","0.04%"
"13-11-2025","7.0970","7.1124","7.1156","7.0912","","-0.22%"
"12-11-2025","7.1125","7.1221","7.1236","7.1102","","-0.14%"
"11-11-2025","7.1224","7.1226","7.1273","7.1167","","0.00%"
"10-11-2025","7.1226","7.1248","7.1281","7.1178","","-0.03%"
"07-11-2025","7.1250","7.1210","7.1281","7.1195","","0.06%"
"06-11-2025","7.1210","7.1313","7.1325","7.1196","","-0.14%"
"05-11-2025","7.1313","7.1347","7.1387","7.1278","","-0.05%"
"04-11-2025","7.1346","7.1258","7.1365","7.1236","","0.11%"
"03-11-2025","7.1268","7.1193","7.1295","7.1138","","0.06%"
"31-10-2025","7.1222","7.1106","7.1260","7.1074","","0.16%"
"30-10-2025","7.1106","7.0963","7.1179","7.0913","","0.20%"
"29-10-2025","7.0965","7.0959","7.1011","7.0881","","0.01%"
"28-10-2025","7.0958","7.1091","7.1103","7.0911","","-0.18%"
"27-10-2025","7.1083","7.1259","7.1259","7.1022","","-0.25%"
"24-10-2025","7.1263","7.1249","7.1297","7.1206","","0.02%"
"23-10-2025","7.1249","7.1256","7.1294","7.1225","","-0.01%"
"22-10-2025","7.1255","7.1268","7.1303","7.1229","","-0.02%"
"21-10-2025","7.1269","7.1242","7.1276","7.1154","","0.04%"
"20-10-2025","7.1242","7.1268","7.1295","7.1211","","-0.04%"
"17-10-2025","7.1267","7.1253","7.1330","7.1161","","0.03%"
"16-10-2025","7.1246","7.1300","7.1321","7.1206","","-0.07%"
"15-10-2025","7.1299","7.1400","7.1437","7.1242","","-0.14%"
"14-10-2025","7.1401","7.1382","7.1501","7.1347","","0.03%"
"13-10-2025","7.1382","7.1416","7.1453","7.1315","","-0.12%"
"10-10-2025","7.1470","7.1385","7.1499","7.1232","","0.12%"
"09-10-2025","7.1382","7.1500","7.1514","7.1241","","-0.17%"
"08-10-2025","7.1502","7.1459","7.1540","7.1428","","0.06%"
"07-10-2025","7.1457","7.1424","7.1494","7.1352","","0.04%"
"06-10-2025","7.1427","7.1361","7.1507","7.1329","","0.10%"
"03-10-2025","7.1359","7.1321","7.1397","7.1280","","0.05%"
"02-10-2025","7.1326","7.1280","7.1373","7.1231","","0.06%"
"01-10-2025","7.1282","7.1286","7.1401","7.1217","","-0.01%"
"30-09-2025","7.1286","7.1294","7.1336","7.1238","","-0.01%"
"29-09-2025","7.1294","7.1415","7.1439","7.1180","","-0.17%"
"26-09-2025","7.1417","7.1452","7.1478","7.1393","","-0.05%"
"25-09-2025","7.1453","7.1378","7.1488","7.1269","","0.10%"
"24-09-2025","7.1379","7.1134","7.1407","7.1112","","0.34%"
"23-09-2025","7.1134","7.1154","7.1192","7.1109","","-0.03%"
"22-09-2025","7.1156","7.1151","7.1204","7.1121","","-0.06%"
"19-09-2025","7.1196","7.1088","7.1209","7.1053","","0.15%"
"18-09-2025","7.1092","7.1022","7.1141","7.0972","","0.10%"
"17-09-2025","7.1019","7.1045","7.1082","7.0849","","-0.04%"
"16-09-2025","7.1045","7.1190","7.1205","7.1027","","-0.20%"
"15-09-2025","7.1188","7.1251","7.1279","7.1164","","-0.08%"
"12-09-2025","7.1243","7.1127","7.1299","7.1113","","0.16%"
"11-09-2025","7.1127","7.1197","7.1267","7.1115","","-0.10%"
"10-09-2025","7.1197","7.1238","7.1295","7.1133","","-0.06%"
"09-09-2025","7.1238","7.1220","7.1253","7.1128","","0.03%"
"08-09-2025","7.1218","7.1266","7.1339","7.1207","","-0.06%"
"05-09-2025","7.1261","7.1372","7.1409","7.1212","","-0.16%"
"04-09-2025","7.1372","7.1394","7.1452","7.1356","","-0.03%"
"03-09-2025","7.1395","7.1387","7.1494","7.1349","","0.01%"
"02-09-2025","7.1387","7.1346","7.1496","7.1312","","0.05%"
"01-09-2025","7.1350","7.1215","7.1370","7.1199","","0.18%"
"29-08-2025","7.1222","7.1203","7.1322","7.1155","","0.03%"
"28-08-2025","7.1202","7.1526","7.1549","7.1176","","-0.45%"
"27-08-2025","7.1525","7.1531","7.1661","7.1449","","-0.01%"
"26-08-2025","7.1533","7.1585","7.1659","7.1469","","-0.07%"
"25-08-2025","7.1585","7.1721","7.1746","7.1483","","-0.17%"
"22-08-2025","7.1709","7.1829","7.1903","7.1663","","-0.17%"
"21-08-2025","7.1829","7.1820","7.1872","7.1708","","0.01%"
"20-08-2025","7.1820","7.1876","7.1936","7.1780","","-0.08%"
"19-08-2025","7.1877","7.1875","7.1922","7.1815","","0.00%"
"18-08-2025","7.1875","7.1882","7.1895","7.1781","","-0.02%"
"15-08-2025","7.1887","7.1816","7.1901","7.1776","","0.10%"
"14-08-2025","7.1816","7.1816","7.1834","7.1680","","0.00%"
"13-08-2025","7.1817","7.1853","7.1886","7.1751","","-0.04%"
"12-08-2025","7.1849","7.1965","7.1985","7.1808","","-0.16%"
"11-08-2025","7.1964","7.1881","7.1988","7.1817","","0.11%"
"08-08-2025","7.1888","7.1809","7.1920","7.1778","","0.11%"
"07-08-2025","7.1809","7.1852","7.1872","7.1778","","-0.06%"
"06-08-2025","7.1852","7.1890","7.1959","7.1827","","-0.05%"
"05-08-2025","7.1890","7.1839","7.1959","7.1766","","0.08%"
"04-08-2025","7.1836","7.1932","7.1965","7.1761","","-0.08%"
"01-08-2025","7.1895","7.2093","7.2246","7.1881","","-0.27%"
"31-07-2025","7.2093","7.2119","7.2132","7.1952","","-0.04%"
"30-07-2025","7.2119","7.1815","7.2150","7.1741","","0.43%"
"29-07-2025","7.1808","7.1820","7.1854","7.1762","","-0.02%"
"28-07-2025","7.1819","7.1663","7.1834","7.1626","","0.20%"
"25-07-2025","7.1677","7.1537","7.1710","7.1497","","0.20%"
"24-07-2025","7.1537","7.1518","7.1570","7.1437","","0.03%"
"23-07-2025","7.1519","7.1699","7.1736","7.1503","","-0.25%"
"22-07-2025","7.1701","7.1711","7.1802","7.1680","","-0.01%"
"21-07-2025","7.1710","7.1797","7.1842","7.1686","","-0.15%"
"18-07-2025","7.1815","7.1844","7.1872","7.1745","","-0.04%"
"17-07-2025","7.1844","7.1807","7.1902","7.1771","","0.05%"
"16-07-2025","7.1807","7.1831","7.1916","7.1685","","-0.03%"
"15-07-2025","7.1832","7.1722","7.1878","7.1683","","0.16%"
"14-07-2025","7.1720","7.1722","7.1764","7.1661","","-0.02%"
"11-07-2025","7.1737","7.1781","7.1836","7.1652","","-0.06%"
"10-07-2025","7.1779","7.1833","7.1844","7.1752","","-0.07%"
"09-07-2025","7.1832","7.1813","7.1887","7.1791","","0.03%"
"08-07-2025","7.1807","7.1790","7.1859","7.1687","","0.02%"
"07-07-2025","7.1793","7.1653","7.1811","7.1624","","0.23%"
"04-07-2025","7.1627","7.1705","7.1712","7.1595","","-0.11%"
"03-07-2025","7.1706","7.1612","7.1745","7.1563","","0.13%"
"02-07-2025","7.1614","7.1608","7.1704","7.1584","","0.01%"
"01-07-2025","7.1607","7.1570","7.1653","7.1495","","0.05%"
"30-06-2025","7.1573","7.1711","7.1714","7.1558","","-0.21%"
"27-06-2025","7.1727","7.1635","7.1757","7.1595","","0.13%"
"26-06-2025","7.1637","7.1719","7.1746","7.1522","","-0.11%"
"25-06-2025","7.1716","7.1648","7.1800","7.1598","","0.10%"
"24-06-2025","7.1647","7.1755","7.1798","7.1611","","-0.15%"
"23-06-2025","7.1755","7.1850","7.1931","7.1741","","-0.03%"
"20-06-2025","7.1780","7.1861","7.1884","7.1735","","-0.11%"
"19-06-2025","7.1861","7.1945","7.1977","7.1844","","-0.12%"
"18-06-2025","7.1949","7.1907","7.1961","7.1850","","0.06%"
"17-06-2025","7.1908","7.1836","7.1947","7.1783","","0.10%"
"16-06-2025","7.1836","7.1881","7.1911","7.1775","","-0.07%"
"13-06-2025","7.1887","7.1731","7.1906","7.1697","","0.22%"
"12-06-2025","7.1732","7.1985","7.1993","7.1695","","-0.35%"
"11-06-2025","7.1983","7.1888","7.2004","7.1819","","0.13%"
"10-06-2025","7.1889","7.1823","7.1949","7.1774","","0.09%"
"09-06-2025","7.1822","7.1911","7.1913","7.1785","","-0.09%"
"06-06-2025","7.1884","7.1761","7.1943","7.1712","","0.19%"
"05-06-2025","7.1751","7.1715","7.1825","7.1639","","0.05%"
"04-06-2025","7.1715","7.1925","7.1961","7.1693","","-0.28%"
"03-06-2025","7.1916","7.2095","7.2104","7.1852","","-0.25%"
"02-06-2025","7.2095","7.2038","7.2244","7.2006","","0.07%"
"30-05-2025","7.2048","7.1892","7.2103","7.1804","","0.23%"
"29-05-2025","7.1882","7.1928","7.2093","7.1820","","-0.07%"
"28-05-2025","7.1929","7.1915","7.1996","7.1856","","0.02%"
"27-05-2025","7.1915","7.1768","7.1944","7.1711","","0.21%"
"26-05-2025","7.1767","7.1734","7.1833","7.1611","","0.06%"
"23-05-2025","7.1722","7.2048","7.2062","7.1708","","-0.45%"
"22-05-2025","7.2049","7.2036","7.2086","7.1933","","0.02%"
"21-05-2025","7.2038","7.2148","7.2202","7.1985","","-0.15%"
"20-05-2025","7.2145","7.2146","7.2265","7.2118","","0.00%"
"19-05-2025","7.2145","7.2104","7.2183","7.2039","","0.06%"
"16-05-2025","7.2102","7.2051","7.2140","7.1946","","0.07%"
"15-05-2025","7.2051","7.2113","7.2158","7.2023","","-0.09%"
"14-05-2025","7.2113","7.1966","7.2160","7.1909","","0.21%"
"13-05-2025","7.1964","7.2001","7.2047","7.1784","","-0.04%"
"12-05-2025","7.1995","7.2401","7.2401","7.1916","","-0.56%"
"09-05-2025","7.2402","7.2434","7.2530","7.2337","","-0.04%"
"08-05-2025","7.2434","7.2282","7.2471","7.2164","","0.21%"
"07-05-2025","7.2283","7.2103","7.2306","7.1882","","0.25%"
"06-05-2025","7.2103","7.2015","7.2357","7.1994","","0.12%"
"05-05-2025","7.2015","7.2114","7.2173","7.1838","","-0.13%"
"02-05-2025","7.2110","7.2781","7.2800","7.2084","","-0.92%"
"01-05-2025","7.2777","7.2689","7.2874","7.2672","","0.12%"
"30-04-2025","7.2691","7.2689","7.2765","7.2592","","0.00%"
"29-04-2025","7.2688","7.2850","7.2891","7.2562","","-0.22%"
"28-04-2025","7.2850","7.2890","7.3030","7.2819","","-0.05%"
"25-04-2025","7.2887","7.2886","7.2993","7.2810","","0.00%"
"24-04-2025","7.2884","7.2853","7.3046","7.2845","","0.04%"
"23-04-2025","7.2854","7.3108","7.3164","7.2770","","-0.35%"
"22-04-2025","7.3113","7.2935","7.3215","7.2909","","0.26%"
"21-04-2025","7.2920","7.3020","7.3034","7.2824","","-0.14%"
"18-04-2025","7.3020","7.3019","7.3100","7.2901","","0.02%"
"17-04-2025","7.3003","7.2989","7.3167","7.2949","","0.04%"
"16-04-2025","7.2976","7.3287","7.3349","7.2948","","-0.40%"
"15-04-2025","7.3272","7.3120","7.3307","7.3069","","0.21%"
"14-04-2025","7.3115","7.2803","7.3255","7.2785","","0.45%"
"11-04-2025","7.2788","7.3119","7.3375","7.2783","","-0.43%"
"10-04-2025","7.3105","7.3450","7.3719","7.2999","","-0.44%"
"09-04-2025","7.3429","7.4258","7.4279","7.3428","","-1.10%"
"08-04-2025","7.4242","7.3452","7.4299","7.3362","","1.09%"
"07-04-2025","7.3439","7.2949","7.3501","7.2924","","0.68%"
"04-04-2025","7.2940","7.2803","7.3005","7.2392","","0.21%"
"03-04-2025","7.2784","7.2958","7.3491","7.2743","","-0.22%"
"02-04-2025","7.2941","7.2812","7.2968","7.2668","","0.19%"
"01-04-2025","7.2803","7.2659","7.2845","7.2624","","0.21%"
"31-03-2025","7.2648","7.2704","7.2745","7.2525","","-0.05%"
"28-03-2025","7.2685","7.2677","7.2773","7.2647","","0.03%"
"27-03-2025","7.2660","7.2791","7.2825","7.2649","","-0.17%"
"26-03-2025","7.2781","7.2658","7.2828","7.2638","","0.19%"
"25-03-2025","7.2642","7.2637","7.2720","7.2602","","0.03%"
"24-03-2025","7.2623","7.2572","7.2683","7.2470","","0.09%"
"21-03-2025","7.2558","7.2523","7.2608","7.2459","","0.06%"
"20-03-2025","7.2515","7.2298","7.2555","7.2256","","0.33%"
"19-03-2025","7.2279","7.2276","7.2419","7.2260","","0.01%"
"18-03-2025","7.2270","7.2268","7.2379","7.2207","","0.03%"
"17-03-2025","7.2250","7.2366","7.2453","7.2244","","-0.15%"
"14-03-2025","7.2356","7.2477","7.2550","7.2302","","-0.14%"
"13-03-2025","7.2458","7.2407","7.2538","7.2298","","0.09%"
"12-03-2025","7.2396","7.2265","7.2506","7.2147","","0.20%"
"11-03-2025","7.2255","7.2634","7.2648","7.2245","","-0.50%"
"10-03-2025","7.2618","7.2448","7.2702","7.2352","","0.28%"
"07-03-2025","7.2417","7.2445","7.2540","7.2272","","-0.01%"
"06-03-2025","7.2423","7.2365","7.2541","7.2343","","0.09%"
"05-03-2025","7.2355","7.2530","7.2775","7.2332","","-0.22%"
"04-03-2025","7.2512","7.3025","7.3074","7.2482","","-0.69%"
"03-03-2025","7.3015","7.2933","7.3080","7.2840","","0.12%"
"28-02-2025","7.2927","7.3009","7.3026","7.2835","","-0.09%"
"27-02-2025","7.2991","7.2653","7.3031","7.2614","","0.49%"
"26-02-2025","7.2635","7.2544","7.2685","7.2471","","0.16%"
"25-02-2025","7.2521","7.2530","7.2707","7.2470","","0.01%"
"24-02-2025","7.2516","7.2513","7.2555","7.2253","","0.00%"
"21-02-2025","7.2519","7.2356","7.2606","7.2325","","0.25%"
"20-02-2025","7.2336","7.2815","7.2861","7.2309","","-0.66%"
"19-02-2025","7.2816","7.2752","7.2936","7.2716","","0.11%"
"18-02-2025","7.2737","7.2660","7.2869","7.2621","","0.13%"
"17-02-2025","7.2641","7.2593","7.2683","7.2418","","0.08%"
"14-02-2025","7.2580","7.2702","7.2915","7.2502","","-0.15%"
"13-02-2025","7.2687","7.3094","7.3137","7.2671","","-0.55%"
"12-02-2025","7.3089","7.3100","7.3246","7.3033","","0.01%"
"11-02-2025","7.3083","7.3109","7.3158","7.3052","","-0.01%"
"10-02-2025","7.3087","7.3052","7.3182","7.3035","","0.09%"
"07-02-2025","7.3019","7.2885","7.3111","7.2832","","0.19%"
"06-02-2025","7.2884","7.2821","7.3004","7.2752","","0.10%"
"05-02-2025","7.2808","7.2869","7.2956","7.2676","","-0.07%"
"04-02-2025","7.2858","7.3117","7.3367","7.2741","","-0.33%"
"03-02-2025","7.3097","7.3574","7.3636","7.3001","","-0.13%"
"31-01-2025","7.3193","7.2932","7.3303","7.2751","","0.38%"
"30-01-2025","7.2918","7.2633","7.2945","7.2579","","0.40%"
"29-01-2025","7.2628","7.2741","7.2810","7.2561","","-0.13%"
"28-01-2025","7.2719","7.2513","7.2863","7.2483","","0.30%"
"27-01-2025","7.2503","7.2428","7.2778","7.2379","","0.11%"
"24-01-2025","7.2423","7.2876","7.2891","7.2343","","-0.62%"
"23-01-2025","7.2874","7.2817","7.2983","7.2711","","0.09%"
"22-01-2025","7.2811","7.2667","7.2905","7.2631","","0.22%"
"21-01-2025","7.2652","7.2625","7.2969","7.2517","","0.06%"
"20-01-2025","7.2611","7.3398","7.3399","7.2593","","-1.06%"
"17-01-2025","7.3387","7.3462","7.3583","7.3329","","-0.10%"
"16-01-2025","7.3458","7.3487","7.3526","7.3418","","-0.03%"
"15-01-2025","7.3482","7.3439","7.3519","7.3355","","0.09%"
"14-01-2025","7.3416","7.3466","7.3531","7.3332","","-0.05%"
"13-01-2025","7.3451","7.3625","7.3637","7.3460","","-0.22%"
"10-01-2025","7.3616","7.3562","7.3651","7.3411","","0.10%"
"09-01-2025","7.3541","7.3533","7.3594","7.3432","","0.02%"
"08-01-2025","7.3523","7.3409","7.3620","7.3384","","0.16%"
"07-01-2025","7.3405","7.3461","7.3507","7.3302","","-0.07%"
"06-01-2025","7.3458","7.3561","7.3648","7.3128","","-0.15%"
"03-01-2025","7.3565","7.3401","7.3629","7.3236","","0.23%"
"02-01-2025","7.3395","7.3320","7.3451","7.3150","","0.11%"
"01-01-2025","7.3317","7.3355","7.3370","7.3324","","-0.03%"
"31-12-2024","7.3337","7.3149","7.3704","7.3046","","0.27%"
"30-12-2024","7.3139","7.3011","7.3199","7.2971","","0.21%"
"27-12-2024","7.2985","7.3028","7.3102","7.2944","","-0.04%"
"26-12-2024","7.3015","7.3018","7.3120","7.2992","","0.01%"
"25-12-2024","7.3010","7.3064","7.3087","7.2952","","-0.07%"
"24-12-2024","7.3063","7.3075","7.3100","7.2965","","-0.01%"
"23-12-2024","7.3070","7.2925","7.3140","7.2842","","0.22%"
"20-12-2024","7.2906","7.3089","7.3145","7.2898","","-0.24%"
"19-12-2024","7.3079","7.3248","7.3271","7.3046","","-0.22%"
"18-12-2024","7.3237","7.2877","7.3270","7.2837","","0.51%"
"17-12-2024","7.2869","7.2930","7.2968","7.2846","","-0.06%"
"16-12-2024","7.2914","7.2806","7.2954","7.2751","","0.20%"
"13-12-2024","7.2770","7.2755","7.2931","7.2737","","0.05%"
"12-12-2024","7.2736","7.2796","7.2842","7.2547","","-0.07%"
"11-12-2024","7.2785","7.2573","7.2929","7.2421","","0.30%"
"10-12-2024","7.2566","7.2676","7.2716","7.2415","","-0.13%"
"09-12-2024","7.2663","7.2828","7.2933","7.2568","","-0.23%"
"06-12-2024","7.2831","7.2635","7.2871","7.2555","","0.27%"
"05-12-2024","7.2632","7.2768","7.2866","7.2624","","-0.17%"
"04-12-2024","7.2756","7.2997","7.3069","7.2670","","-0.31%"
"03-12-2024","7.2985","7.2863","7.3154","7.2828","","0.19%"
"02-12-2024","7.2844","7.2524","7.2959","7.2522","","0.51%"
"29-11-2024","7.2472","7.2493","7.2553","7.2277","","-0.02%"
"28-11-2024","7.2483","7.2452","7.2601","7.2410","","0.07%"
"27-11-2024","7.2435","7.2578","7.2702","7.2420","","-0.18%"
"26-11-2024","7.2563","7.2460","7.2731","7.2432","","0.16%"
"25-11-2024","7.2449","7.2573","7.2595","7.2357","","-0.19%"
"22-11-2024","7.2590","7.2551","7.2677","7.2497","","0.08%"
"21-11-2024","7.2532","7.2505","7.2601","7.2393","","0.05%"
"20-11-2024","7.2498","7.2343","7.2565","7.2309","","0.24%"
"19-11-2024","7.2327","7.2257","7.2490","7.2246","","0.11%"
"18-11-2024","7.2246","7.2361","7.2538","7.2245","","-0.15%"
"15-11-2024","7.2354","7.2524","7.2583","7.2301","","-0.24%"
"14-11-2024","7.2525","7.2425","7.2671","7.2361","","0.14%"
"13-11-2024","7.2425","7.2425","7.2502","7.2125","","0.00%"
"12-11-2024","7.2425","7.2275","7.2558","7.2227","","0.22%"
"11-11-2024","7.2266","7.2011","7.2337","7.1855","","0.38%"
"08-11-2024","7.1996","7.1488","7.2098","7.1456","","0.71%"
"07-11-2024","7.1487","7.2035","7.2137","7.1412","","-0.75%"
"06-11-2024","7.2026","7.1019","7.2100","7.0897","","1.43%"
"05-11-2024","7.1013","7.1111","7.1178","7.1002","","-0.12%"
"04-11-2024","7.1097","7.1392","7.1392","7.0855","","-0.40%"
"01-11-2024","7.1385","7.1214","7.1403","7.1147","","0.24%"
"31-10-2024","7.1211","7.1254","7.1353","7.1193","","-0.05%"
"30-10-2024","7.1249","7.1429","7.1529","7.1232","","-0.25%"
"29-10-2024","7.1427","7.1449","7.1645","7.1387","","-0.03%"
"28-10-2024","7.1445","7.1348","7.1502","7.1318","","0.15%"
"25-10-2024","7.1339","7.1244","7.1385","7.1219","","0.15%"
"24-10-2024","7.1235","7.1356","7.1385","7.1156","","-0.17%"
"23-10-2024","7.1354","7.1351","7.1470","7.1329","","0.01%"
"22-10-2024","7.1345","7.1358","7.1395","7.1287","","-0.01%"
"21-10-2024","7.1350","7.1182","7.1384","7.1071","","0.27%"
"18-10-2024","7.1159","7.1368","7.1399","7.1087","","-0.29%"
"17-10-2024","7.1365","7.1363","7.1479","7.1249","","0.02%"
"16-10-2024","7.1353","7.1366","7.1424","7.1198","","-0.01%"
"15-10-2024","7.1357","7.0956","7.1438","7.0901","","0.57%"
"14-10-2024","7.0951","7.0768","7.1004","7.0764","","0.39%"
"11-10-2024","7.0676","7.0823","7.0889","7.0656","","-0.20%"
"10-10-2024","7.0819","7.0939","7.0957","7.0679","","-0.15%"
"09-10-2024","7.0926","7.0736","7.0988","7.0528","","0.28%"
"08-10-2024","7.0728","7.0715","7.0851","7.0460","","0.03%"
"07-10-2024","7.0707","7.0980","7.1010","7.0577","","-0.35%"
"04-10-2024","7.0952","7.0521","7.1042","7.0459","","0.62%"
"03-10-2024","7.0513","7.0363","7.0553","7.0346","","0.21%"
"02-10-2024","7.0365","7.0283","7.0394","7.0057","","0.12%"
"01-10-2024","7.0279","7.0069","7.0356","7.0001","","0.33%"
"30-09-2024","7.0049","6.9805","7.0142","6.9725","","0.36%"
"27-09-2024","6.9797","6.9721","7.0044","6.9702","","0.12%"
"26-09-2024","6.9713","7.0326","7.0358","6.9705","","-0.86%"
"25-09-2024","7.0321","7.0101","7.0362","6.9949","","0.32%"
"24-09-2024","7.0098","7.0606","7.0700","7.0083","","-0.71%"
"23-09-2024","7.0600","7.0415","7.0656","7.0394","","0.28%"
"20-09-2024","7.0406","7.0711","7.0757","7.0384","","-0.42%"
"19-09-2024","7.0706","7.0949","7.1139","7.0597","","-0.33%"
"18-09-2024","7.0942","7.1111","7.1121","7.0692","","-0.23%"
"17-09-2024","7.1107","7.0965","7.1125","7.0911","","0.21%"
"16-09-2024","7.0955","7.0981","7.1049","7.0871","","-0.02%"
"13-09-2024","7.0971","7.1184","7.1206","7.0899","","-0.29%"
"12-09-2024","7.1177","7.1291","7.1336","7.1163","","-0.17%"
"11-09-2024","7.1295","7.1351","7.1372","7.1070","","-0.08%"
"10-09-2024","7.1349","7.1207","7.1363","7.1154","","0.21%"
"09-09-2024","7.1197","7.0943","7.1259","7.0917","","0.40%"
"06-09-2024","7.0915","7.0894","7.1013","7.0726","","0.05%"
"05-09-2024","7.0882","7.1131","7.1146","7.0858","","-0.33%"
"04-09-2024","7.1119","7.1203","7.1231","7.1054","","-0.12%"
"03-09-2024","7.1201","7.1164","7.1312","7.1111","","0.07%"
"02-09-2024","7.1153","7.0907","7.1193","7.0880","","0.35%"
"30-08-2024","7.0907","7.0946","7.0982","7.0705","","-0.05%"
"29-08-2024","7.0946","7.1323","7.1330","7.0847","","-0.52%"
"28-08-2024","7.1314","7.1203","7.1410","7.1180","","0.17%"
"27-08-2024","7.1196","7.1227","7.1344","7.1184","","-0.04%"
"26-08-2024","7.1227","7.1146","7.1256","7.1059","","0.13%"
"23-08-2024","7.1134","7.1463","7.1492","7.1123","","-0.45%"
"22-08-2024","7.1454","7.1318","7.1496","7.1252","","0.21%"
"21-08-2024","7.1307","7.1175","7.1399","7.1118","","0.22%"
"20-08-2024","7.1149","7.1329","7.1475","7.1150","","-0.24%"
"19-08-2024","7.1323","7.1624","7.1649","7.1274","","-0.40%"
"16-08-2024","7.1609","7.1795","7.1844","7.1596","","-0.24%"
"15-08-2024","7.1784","7.1463","7.1851","7.1437","","0.45%"
"14-08-2024","7.1460","7.1479","7.1540","7.1301","","-0.01%"
"13-08-2024","7.1469","7.1786","7.1837","7.1449","","-0.42%"
"12-08-2024","7.1774","7.1729","7.1860","7.1687","","0.06%"
"09-08-2024","7.1729","7.1846","7.1905","7.1626","","-0.15%"
"08-08-2024","7.1837","7.1733","7.1856","7.1541","","0.15%"
"07-08-2024","7.1729","7.1592","7.1946","7.1566","","0.21%"
"06-08-2024","7.1582","7.1375","7.1655","7.1323","","0.29%"
"05-08-2024","7.1374","7.1624","7.1639","7.0833","","-0.36%"
"02-08-2024","7.1629","7.2508","7.2519","7.1434","","-1.20%"
"01-08-2024","7.2497","7.2271","7.2587","7.2093","","0.31%"
"31-07-2024","7.2271","7.2442","7.2531","7.2130","","-0.22%"
"30-07-2024","7.2432","7.2716","7.2765","7.2348","","-0.38%"
"29-07-2024","7.2707","7.2625","7.2743","7.2580","","0.13%"
"26-07-2024","7.2615","7.2400","7.2667","7.2328","","0.30%"
"25-07-2024","7.2399","7.2655","7.2723","7.2024","","-0.35%"
"24-07-2024","7.2650","7.2890","7.2920","7.2610","","-0.31%"
"23-07-2024","7.2875","7.2962","7.2978","7.2844","","-0.11%"
"22-07-2024","7.2956","7.2853","7.2979","7.2769","","0.16%"
"19-07-2024","7.2839","7.2773","7.2882","7.2752","","0.11%"
"18-07-2024","7.2762","7.2720","7.2797","7.2600","","0.07%"
"17-07-2024","7.2714","7.2897","7.2922","7.2599","","-0.21%"
"16-07-2024","7.2870","7.2745","7.2930","7.2720","","0.18%"
"15-07-2024","7.2738","7.2773","7.2863","7.2677","","0.04%"
"12-07-2024","7.2709","7.2682","7.2791","7.2613","","0.06%"
"11-07-2024","7.2667","7.2922","7.2931","7.2578","","-0.33%"
"10-07-2024","7.2908","7.2883","7.2941","7.2864","","0.03%"
"09-07-2024","7.2883","7.2856","7.2938","7.2840","","0.04%"
"08-07-2024","7.2852","7.2901","7.2931","7.2838","","-0.03%"
"05-07-2024","7.2875","7.2932","7.2962","7.2787","","-0.06%"
"04-07-2024","7.2919","7.3017","7.3054","7.2909","","-0.13%"
"03-07-2024","7.3015","7.3075","7.3119","7.2916","","-0.07%"
"02-07-2024","7.3069","7.3050","7.3098","7.3015","","0.04%"
"01-07-2024","7.3041","7.2968","7.3064","7.2931","","0.07%"
"28-06-2024","7.2993","7.3033","7.3071","7.2898","","-0.05%"
"27-06-2024","7.3027","7.3004","7.3045","7.2939","","0.04%"
"26-06-2024","7.2995","7.2893","7.3078","7.2863","","0.15%"
"25-06-2024","7.2884","7.2832","7.2912","7.2755","","0.08%"
"24-06-2024","7.2824","7.2905","7.2951","7.2764","","-0.10%"
"21-06-2024","7.2895","7.2909","7.2931","7.2829","","-0.01%"
"20-06-2024","7.2903","7.2809","7.2924","7.2773","","0.14%"
"19-06-2024","7.2803","7.2707","7.2823","7.2685","","0.14%"
"18-06-2024","7.2700","7.2697","7.2779","7.2680","","0.01%"
"17-06-2024","7.2691","7.2714","7.2737","7.2660","","0.00%"
"14-06-2024","7.2691","7.2706","7.2755","7.2671","","-0.02%"
"13-06-2024","7.2702","7.2630","7.2719","7.2591","","0.11%"
"12-06-2024","7.2622","7.2720","7.2747","7.2495","","-0.12%"
"11-06-2024","7.2709","7.2657","7.2751","7.2615","","0.08%"
"10-06-2024","7.2651","7.2638","7.2731","7.2623","","0.04%"
"07-06-2024","7.2625","7.2596","7.2658","7.2460","","0.04%"
"06-06-2024","7.2595","7.2594","7.2649","7.2520","","0.02%"
"05-06-2024","7.2579","7.2476","7.2612","7.2441","","0.16%"
"04-06-2024","7.2466","7.2517","7.2593","7.2401","","-0.06%"
"03-06-2024","7.2511","7.2620","7.2643","7.2501","","-0.15%"
"31-05-2024","7.2619","7.2530","7.2688","7.2473","","0.14%"
"30-05-2024","7.2515","7.2735","7.2741","7.2473","","-0.29%"
"29-05-2024","7.2725","7.2633","7.2762","7.2613","","0.13%"
"28-05-2024","7.2632","7.2566","7.2651","7.2553","","0.08%"
"27-05-2024","7.2571","7.2613","7.2628","7.2530","","-0.07%"
"24-05-2024","7.2620","7.2578","7.2637","7.2539","","0.06%"
"23-05-2024","7.2573","7.2542","7.2601","7.2488","","0.06%"
"22-05-2024","7.2532","7.2473","7.2560","7.2441","","0.10%"
"21-05-2024","7.2462","7.2469","7.2499","7.2406","","-0.01%"
"20-05-2024","7.2469","7.2330","7.2477","7.2308","","0.19%"
"17-05-2024","7.2331","7.2232","7.2370","7.2192","","0.15%"
"16-05-2024","7.2222","7.2180","7.2277","7.2034","","0.06%"
"15-05-2024","7.2179","7.2395","7.2436","7.2052","","-0.29%"
"14-05-2024","7.2386","7.2400","7.2471","7.2351","","-0.01%"
"13-05-2024","7.2390","7.2334","7.2441","7.2315","","0.08%"
"10-05-2024","7.2331","7.2221","7.2351","7.2186","","0.16%"
"09-05-2024","7.2214","7.2295","7.2351","7.2193","","-0.10%"
"08-05-2024","7.2287","7.2252","7.2343","7.2229","","0.06%"
"07-05-2024","7.2243","7.2144","7.2274","7.2116","","0.15%"
"06-05-2024","7.2137","7.1923","7.2238","7.1920","","0.30%"
"03-05-2024","7.1920","7.2056","7.2085","7.1652","","-0.18%"
"02-05-2024","7.2050","7.2339","7.2453","7.1950","","-0.38%"
"01-05-2024","7.2328","7.2548","7.2555","7.2315","","-0.29%"
"30-04-2024","7.2541","7.2435","7.2578","7.2411","","0.16%"
"29-04-2024","7.2425","7.2684","7.2688","7.2341","","-0.35%"
"26-04-2024","7.2677","7.2550","7.2706","7.2519","","0.19%"
"25-04-2024","7.2541","7.2729","7.2744","7.2533","","-0.25%"
"24-04-2024","7.2722","7.2604","7.2742","7.2548","","0.17%"
"23-04-2024","7.2596","7.2512","7.2670","7.2490","","0.13%"
"22-04-2024","7.2505","7.2504","7.2559","7.2474","","0.02%"
"19-04-2024","7.2490","7.2490","7.2632","7.2445","","0.00%"
"18-04-2024","7.2491","7.2446","7.2542","7.2408","","0.08%"
"17-04-2024","7.2434","7.2638","7.2688","7.2416","","-0.26%"
"16-04-2024","7.2625","7.2589","7.2836","7.2579","","0.05%"
"15-04-2024","7.2586","7.2667","7.2674","7.2540","","-0.10%"
"12-04-2024","7.2658","7.2554","7.2692","7.2520","","0.16%"
"11-04-2024","7.2544","7.2627","7.2645","7.2488","","-0.11%"
"10-04-2024","7.2624","7.2386","7.2646","7.2355","","0.34%"
"09-04-2024","7.2376","7.2424","7.2483","7.2353","","-0.05%"
"08-04-2024","7.2414","7.2481","7.2551","7.2403","","-0.07%"
"05-04-2024","7.2463","7.2502","7.2547","7.2395","","-0.04%"
"04-04-2024","7.2495","7.2488","7.2533","7.2411","","0.02%"
"03-04-2024","7.2481","7.2545","7.2635","7.2474","","-0.08%"
"02-04-2024","7.2538","7.2595","7.2664","7.2519","","-0.07%"
"01-04-2024","7.2589","7.2571","7.2625","7.2471","","0.04%"
"29-03-2024","7.2560","7.2622","7.2646","7.2520","","-0.08%"
"28-03-2024","7.2615","7.2540","7.2677","7.2438","","0.11%"
"27-03-2024","7.2538","7.2488","7.2610","7.2455","","0.08%"
"26-03-2024","7.2483","7.2530","7.2547","7.2369","","-0.06%"
"25-03-2024","7.2523","7.2748","7.2821","7.2320","","-0.31%"
"22-03-2024","7.2747","7.2214","7.2802","7.2167","","0.75%"
"21-03-2024","7.2205","7.2112","7.2242","7.2024","","0.14%"
"20-03-2024","7.2103","7.2119","7.2193","7.2073","","-0.02%"
"19-03-2024","7.2115","7.2060","7.2147","7.2041","","0.08%"
"18-03-2024","7.2054","7.2042","7.2091","7.2010","","0.00%"
"15-03-2024","7.2054","7.2024","7.2073","7.1995","","0.05%"
"14-03-2024","7.2019","7.1936","7.2045","7.1909","","0.13%"
"13-03-2024","7.1928","7.1870","7.2030","7.1841","","0.09%"
"12-03-2024","7.1865","7.1800","7.1922","7.1717","","0.10%"
"11-03-2024","7.1794","7.2011","7.2017","7.1789","","-0.28%"
"08-03-2024","7.1998","7.2003","7.2042","7.1851","","0.00%"
"07-03-2024","7.1997","7.2103","7.2134","7.1990","","-0.14%"
"06-03-2024","7.2096","7.2119","7.2181","7.2061","","-0.02%"
"05-03-2024","7.2107","7.2100","7.2142","7.2054","","0.03%"
"04-03-2024","7.2088","7.2091","7.2132","7.2060","","0.00%"
"01-03-2024","7.2087","7.2073","7.2158","7.2055","","0.03%"
"29-02-2024","7.2065","7.2136","7.2148","7.2021","","-0.09%"
"28-02-2024","7.2127","7.2138","7.2208","7.2111","","-0.01%"
"27-02-2024","7.2131","7.2109","7.2154","7.2070","","0.05%"
"26-02-2024","7.2098","7.2057","7.2134","7.2017","","0.08%"
"23-02-2024","7.2039","7.2018","7.2148","7.1982","","0.04%"
"22-02-2024","7.2008","7.1996","7.2053","7.1905","","0.04%"
"21-02-2024","7.1982","7.2016","7.2074","7.1803","","-0.03%"
"20-02-2024","7.2005","7.2108","7.2189","7.1958","","-0.14%"
"19-02-2024","7.2108","7.2132","7.2164","7.2032","","-0.01%"
"16-02-2024","7.2115","7.2176","7.2234","7.2103","","-0.07%"
"15-02-2024","7.2169","7.2226","7.2281","7.2132","","-0.07%"
"14-02-2024","7.2221","7.2313","7.2341","7.2206","","-0.12%"
"13-02-2024","7.2306","7.2150","7.2334","7.2117","","0.23%"
"12-02-2024","7.2138","7.2186","7.2256","7.2123","","-0.06%"
"09-02-2024","7.2178","7.2154","7.2203","7.2071","","0.04%"
"08-02-2024","7.2146","7.2129","7.2200","7.2015","","0.03%"
"07-02-2024","7.2124","7.2013","7.2153","7.1883","","0.16%"
"06-02-2024","7.2012","7.2199","7.2207","7.1937","","-0.25%"
"05-02-2024","7.2191","7.2147","7.2249","7.2080","","0.06%"
"02-02-2024","7.2148","7.1877","7.2171","7.1845","","0.39%"
"01-02-2024","7.1869","7.1859","7.1979","7.1825","","0.03%"
"31-01-2024","7.1849","7.1873","7.1922","7.1724","","-0.03%"
"30-01-2024","7.1870","7.1874","7.1929","7.1805","","0.01%"
"29-01-2024","7.1866","7.1870","7.1974","7.1845","","0.00%"
"26-01-2024","7.1868","7.1800","7.1936","7.1772","","0.10%"
"25-01-2024","7.1799","7.1617","7.1894","7.1554","","0.27%"
"24-01-2024","7.1607","7.1673","7.1800","7.1410","","-0.07%"
"23-01-2024","7.1659","7.1937","7.2002","7.1631","","-0.37%"
"22-01-2024","7.1926","7.2045","7.2095","7.1909","","-0.12%"
"19-01-2024","7.2015","7.2161","7.2176","7.1963","","-0.19%"
"18-01-2024","7.2149","7.2214","7.2256","7.2075","","-0.09%"
"17-01-2024","7.2214","7.2201","7.2326","7.2066","","0.05%"
"16-01-2024","7.2179","7.1852","7.2237","7.1845","","0.48%"
"15-01-2024","7.1833","7.1894","7.1919","7.1745","","-0.08%"
"12-01-2024","7.1893","7.1750","7.1932","7.1652","","0.22%"
"11-01-2024","7.1737","7.1832","7.1860","7.1613","","-0.12%"
"10-01-2024","7.1823","7.1844","7.1901","7.1769","","-0.02%"
"09-01-2024","7.1834","7.1621","7.1885","7.1595","","0.31%"
"08-01-2024","7.1611","7.1654","7.1752","7.1540","","-0.06%"
"05-01-2024","7.1657","7.1774","7.1807","7.1407","","-0.15%"
"04-01-2024","7.1765","7.1646","7.1787","7.1522","","0.18%"
"03-01-2024","7.1637","7.1492","7.1731","7.1421","","0.19%"
"02-01-2024","7.1503","7.1238","7.1547","7.1098","","0.37%"
"01-01-2024","7.1240","7.1245","7.1266","7.1241","","-0.02%"
"29-12-2023","7.1252","7.1193","7.1304","7.0865","","0.09%"
"28-12-2023","7.1185","7.1515","7.1520","7.1003","","-0.46%"
"27-12-2023","7.1515","7.1435","7.1611","7.1405","","0.15%"
"26-12-2023","7.1409","7.1473","7.1541","7.1385","","-0.07%"
"25-12-2023","7.1460","7.1530","7.1546","7.1391","","-0.10%"
"22-12-2023","7.1530","7.1416","7.1638","7.1292","","0.16%"
"21-12-2023","7.1415","7.1498","7.1609","7.1352","","-0.11%"
"20-12-2023","7.1497","7.1216","7.1546","7.1216","","0.39%"
"19-12-2023","7.1219","7.1432","7.1529","7.1188","","-0.28%"
"18-12-2023","7.1421","7.1329","7.1478","7.1265","","0.11%"
"15-12-2023","7.1345","7.1248","7.1375","7.0974","","0.15%"
"14-12-2023","7.1239","7.1374","7.1485","7.1104","","-0.18%"
"13-12-2023","7.1365","7.1940","7.2004","7.1350","","-0.79%"
"12-12-2023","7.1933","7.1936","7.1974","7.1764","","0.01%"
"11-12-2023","7.1929","7.1849","7.1999","7.1815","","0.10%"
"08-12-2023","7.1854","7.1637","7.1902","7.1533","","0.31%"
"07-12-2023","7.1634","7.1740","7.1750","7.1522","","-0.13%"
"06-12-2023","7.1730","7.1733","7.1769","7.1614","","0.01%"
"05-12-2023","7.1724","7.1491","7.1762","7.1435","","0.35%"
"04-12-2023","7.1474","7.1248","7.1553","7.1235","","0.35%"
"01-12-2023","7.1228","7.1434","7.1563","7.1233","","-0.29%"
"30-11-2023","7.1433","7.1430","7.1578","7.1225","","0.02%"
"29-11-2023","7.1420","7.1328","7.1466","7.1121","","0.14%"
"28-11-2023","7.1320","7.1596","7.1659","7.1310","","-0.38%"
"27-11-2023","7.1592","7.1484","7.1673","7.1439","","0.15%"
"24-11-2023","7.1484","7.1497","7.1613","7.1424","","-0.01%"
"23-11-2023","7.1488","7.1648","7.1685","7.1374","","-0.22%"
"22-11-2023","7.1649","7.1434","7.1757","7.1315","","0.32%"
"21-11-2023","7.1423","7.1680","7.1684","7.1282","","-0.31%"
"20-11-2023","7.1647","7.2183","7.2252","7.1628","","-0.73%"
"17-11-2023","7.2171","7.2463","7.2553","7.2095","","-0.39%"
"16-11-2023","7.2453","7.2580","7.2689","7.2426","","-0.16%"
"15-11-2023","7.2572","7.2516","7.2670","7.2375","","0.08%"
"14-11-2023","7.2515","7.2927","7.3061","7.2489","","-0.55%"
"13-11-2023","7.2915","7.3050","7.3110","7.2895","","-0.20%"
"10-11-2023","7.3060","7.2984","7.3081","7.2963","","0.12%"
"09-11-2023","7.2973","7.2869","7.3026","7.2804","","0.16%"
"08-11-2023","7.2860","7.2783","7.2893","7.2663","","0.12%"
"07-11-2023","7.2775","7.2821","7.2951","7.2755","","-0.07%"
"06-11-2023","7.2823","7.2910","7.2935","7.2699","","-0.07%"
"03-11-2023","7.2873","7.3281","7.3312","7.2856","","-0.54%"
"02-11-2023","7.3272","7.3356","7.3388","7.3215","","-0.10%"
"01-11-2023","7.3346","7.3415","7.3436","7.3288","","-0.10%"
"31-10-2023","7.3418","7.3253","7.3446","7.3210","","0.24%"
"30-10-2023","7.3239","7.3314","7.3347","7.3225","","-0.12%"
"27-10-2023","7.3327","7.3242","7.3358","7.3154","","0.12%"
"26-10-2023","7.3237","7.3299","7.3339","7.3226","","-0.07%"
"25-10-2023","7.3287","7.3141","7.3314","7.3065","","0.22%"
"24-10-2023","7.3124","7.3105","7.3250","7.3012","","0.04%"
"23-10-2023","7.3097","7.3267","7.3336","7.3089","","-0.22%"
"20-10-2023","7.3260","7.3366","7.3397","7.3212","","-0.13%"
"19-10-2023","7.3356","7.3277","7.3475","7.3214","","0.11%"
"18-10-2023","7.3276","7.3264","7.3305","7.3045","","0.04%"
"17-10-2023","7.3248","7.3087","7.3309","7.3081","","0.24%"
"16-10-2023","7.3075","7.3110","7.3197","7.3063","","-0.05%"
"13-10-2023","7.3115","7.3101","7.3145","7.3008","","0.02%"
"12-10-2023","7.3097","7.3015","7.3135","7.2891","","0.13%"
"11-10-2023","7.3002","7.2874","7.3053","7.2813","","0.20%"
"10-10-2023","7.2855","7.2924","7.3018","7.2695","","-0.08%"
"09-10-2023","7.2913","7.3084","7.3194","7.2839","","-0.22%"
"06-10-2023","7.3076","7.3057","7.3221","7.2982","","0.04%"
"05-10-2023","7.3046","7.3179","7.3248","7.3029","","-0.17%"
"04-10-2023","7.3167","7.3196","7.3302","7.3092","","-0.03%"
"03-10-2023","7.3191","7.3227","7.3317","7.3120","","-0.03%"
"02-10-2023","7.3214","7.2964","7.3235","7.2960","","0.36%"
"29-09-2023","7.2955","7.2945","7.2993","7.2805","","0.03%"
"28-09-2023","7.2934","7.3225","7.3280","7.2908","","-0.39%"
"27-09-2023","7.3216","7.3101","7.3271","7.3003","","0.17%"
"26-09-2023","7.3092","7.3166","7.3178","7.3055","","-0.09%"
"25-09-2023","7.3159","7.2989","7.3185","7.2935","","0.24%"
"22-09-2023","7.2987","7.3142","7.3181","7.2947","","-0.21%"
"21-09-2023","7.3142","7.3072","7.3219","7.3032","","0.11%"
"20-09-2023","7.3059","7.3036","7.3162","7.2879","","0.03%"
"19-09-2023","7.3036","7.2917","7.3081","7.2882","","0.19%"
"18-09-2023","7.2901","7.2810","7.2991","7.2718","","0.14%"
"15-09-2023","7.2796","7.2901","7.2959","7.2592","","-0.13%"
"14-09-2023","7.2890","7.2719","7.2975","7.2605","","0.25%"
"13-09-2023","7.2709","7.3015","7.3064","7.2688","","-0.41%"
"12-09-2023","7.3007","7.3025","7.3149","7.2923","","-0.01%"
"11-09-2023","7.3015","7.3657","7.3660","7.2915","","-0.86%"
"08-09-2023","7.3650","7.3423","7.3684","7.3341","","0.33%"
"07-09-2023","7.3409","7.3204","7.3459","7.3184","","0.29%"
"06-09-2023","7.3195","7.3042","7.3284","7.3012","","0.21%"
"05-09-2023","7.3042","7.2754","7.3122","7.2739","","0.40%"
"04-09-2023","7.2753","7.2677","7.2793","7.2544","","0.12%"
"01-09-2023","7.2669","7.2761","7.2783","7.2387","","-0.11%"
"31-08-2023","7.2746","7.3033","7.3038","7.2682","","-0.38%"
"30-08-2023","7.3022","7.2832","7.3054","7.2806","","0.26%"
"29-08-2023","7.2832","7.2931","7.3112","7.2798","","-0.13%"
"28-08-2023","7.2929","7.2940","7.3060","7.2694","","-0.01%"
"25-08-2023","7.2939","7.2808","7.3021","7.2797","","0.19%"
"24-08-2023","7.2802","7.2868","7.2952","7.2675","","-0.07%"
"23-08-2023","7.2856","7.3064","7.3081","7.2823","","-0.26%"
"22-08-2023","7.3044","7.2883","7.3170","7.2685","","0.24%"
"21-08-2023","7.2872","7.3075","7.3366","7.2780","","-0.27%"
"18-08-2023","7.3068","7.3028","7.3192","7.2822","","0.06%"
"17-08-2023","7.3027","7.3351","7.3501","7.2969","","-0.44%"
"16-08-2023","7.3352","7.3239","7.3432","7.3039","","0.17%"
"15-08-2023","7.3229","7.2790","7.3310","7.2755","","0.60%"
"14-08-2023","7.2791","7.2600","7.2931","7.2590","","0.26%"
"11-08-2023","7.2602","7.2422","7.2631","7.2336","","0.26%"
"10-08-2023","7.2417","7.2281","7.2456","7.2078","","0.22%"
"09-08-2023","7.2258","7.2375","7.2446","7.2065","","-0.16%"
"08-08-2023","7.2373","7.2014","7.2515","7.1998","","0.49%"
"07-08-2023","7.2017","7.1866","7.2057","7.1852","","0.21%"
"04-08-2023","7.1868","7.1815","7.1953","7.1551","","0.08%"
"03-08-2023","7.1813","7.2021","7.2087","7.1701","","-0.31%"
"02-08-2023","7.2033","7.1855","7.2133","7.1733","","0.26%"
"01-08-2023","7.1843","7.1464","7.1912","7.1445","","0.55%"
"31-07-2023","7.1447","7.1550","7.1598","7.1324","","-0.10%"
"28-07-2023","7.1515","7.1708","7.1782","7.1441","","-0.26%"
"27-07-2023","7.1700","7.1508","7.1778","7.1155","","0.28%"
"26-07-2023","7.1500","7.1370","7.1645","7.1357","","0.19%"
"25-07-2023","7.1364","7.1858","7.1899","7.1258","","-0.67%"
"24-07-2023","7.1843","7.1866","7.2137","7.1785","","-0.04%"
"21-07-2023","7.1873","7.1747","7.1923","7.1639","","0.19%"
"20-07-2023","7.1739","7.2320","7.2330","7.1665","","-0.80%"
"19-07-2023","7.2318","7.1929","7.2372","7.1908","","0.56%"
"18-07-2023","7.1918","7.1786","7.1973","7.1674","","0.19%"
"17-07-2023","7.1784","7.1578","7.1898","7.1481","","0.32%"
"14-07-2023","7.1557","7.1505","7.1620","7.1223","","0.08%"
"13-07-2023","7.1499","7.1659","7.1820","7.1475","","-0.21%"
"12-07-2023","7.1653","7.2138","7.2157","7.1616","","-0.66%"
"11-07-2023","7.2127","7.2291","7.2366","7.1946","","-0.22%"
"10-07-2023","7.2283","7.2333","7.2497","7.2198","","-0.06%"
"07-07-2023","7.2324","7.2554","7.2578","7.2245","","-0.30%"
"06-07-2023","7.2543","7.2621","7.2745","7.2422","","-0.09%"
"05-07-2023","7.2609","7.2301","7.2657","7.2214","","0.43%"
"04-07-2023","7.2296","7.2544","7.2569","7.2178","","-0.34%"
"03-07-2023","7.2543","7.2677","7.2740","7.2441","","-0.18%"
"30-06-2023","7.2676","7.2684","7.2861","7.2505","","0.00%"
"29-06-2023","7.2674","7.2431","7.2773","7.2333","","0.35%"
"28-06-2023","7.2422","7.2256","7.2692","7.2115","","0.24%"
"27-06-2023","7.2249","7.2439","7.2499","7.2060","","-0.26%"
"26-06-2023","7.2439","7.2146","7.2471","7.2058","","0.39%"
"23-06-2023","7.2155","7.1960","7.2291","7.1925","","0.29%"
"22-06-2023","7.1943","7.1771","7.2040","7.1665","","0.25%"
"21-06-2023","7.1761","7.1824","7.2040","7.1748","","-0.07%"
"20-06-2023","7.1813","7.1642","7.1898","7.1604","","0.26%"
"19-06-2023","7.1630","7.1276","7.1677","7.1276","","0.51%"
"16-06-2023","7.1270","7.1199","7.1446","7.1037","","0.10%"
"15-06-2023","7.1199","7.1754","7.1926","7.1175","","-0.77%"
"14-06-2023","7.1754","7.1743","7.1790","7.1505","","0.01%"
"13-06-2023","7.1749","7.1560","7.1793","7.1484","","0.28%"
"12-06-2023","7.1549","7.1424","7.1609","7.1410","","0.16%"
"09-06-2023","7.1434","7.1196","7.1463","7.1164","","0.35%"
"08-06-2023","7.1184","7.1478","7.1559","7.1165","","-0.41%"
"07-06-2023","7.1474","7.1290","7.1536","7.1115","","0.27%"
"06-06-2023","7.1282","7.1189","7.1448","7.1059","","0.14%"
"05-06-2023","7.1181","7.1073","7.1363","7.1025","","0.13%"
"02-06-2023","7.1092","7.1045","7.1153","7.0665","","0.08%"
"01-06-2023","7.1036","7.1192","7.1405","7.1015","","-0.20%"
"31-05-2023","7.1181","7.0908","7.1346","7.0865","","0.39%"
"30-05-2023","7.0907","7.0851","7.1099","7.0743","","0.08%"
"29-05-2023","7.0851","7.0725","7.0917","7.0680","","0.19%"
"26-05-2023","7.0718","7.0915","7.0986","7.0556","","-0.27%"
"25-05-2023","7.0908","7.0638","7.0950","7.0628","","0.39%"
"24-05-2023","7.0631","7.0656","7.0819","7.0458","","-0.04%"
"23-05-2023","7.0656","7.0472","7.0722","7.0413","","0.26%"
"22-05-2023","7.0471","7.0241","7.0540","7.0145","","0.33%"
"19-05-2023","7.0240","7.0498","7.0756","7.0118","","-0.36%"
"18-05-2023","7.0496","7.0096","7.0610","7.0071","","0.58%"
"17-05-2023","7.0087","6.9988","7.0232","6.9925","","0.15%"
"16-05-2023","6.9982","6.9604","6.9995","6.9545","","0.56%"
"15-05-2023","6.9593","6.9704","6.9755","6.9546","","-0.17%"
"12-05-2023","6.9712","6.9598","6.9734","6.9502","","0.16%"
"11-05-2023","6.9598","6.9384","6.9646","6.9305","","0.32%"
"10-05-2023","6.9374","6.9243","6.9425","6.9169","","0.20%"
"09-05-2023","6.9236","6.9209","6.9345","6.9186","","0.05%"
"08-05-2023","6.9204","6.9194","6.9264","6.9155","","0.00%"
"05-05-2023","6.9206","6.9174","6.9332","6.9081","","0.08%"
"04-05-2023","6.9150","6.9221","6.9285","6.8959","","-0.09%"
"03-05-2023","6.9210","6.9346","6.9377","6.9063","","-0.18%"
"02-05-2023","6.9337","6.9612","6.9650","6.9307","","-0.39%"
"01-05-2023","6.9607","6.9321","6.9639","6.9321","","0.50%"
"28-04-2023","6.9262","6.9299","6.9397","6.9171","","-0.06%"
"27-04-2023","6.9303","6.9411","6.9474","6.9208","","-0.14%"
"26-04-2023","6.9399","6.9395","6.9464","6.9237","","0.01%"
"25-04-2023","6.9394","6.9028","6.9513","6.8945","","0.57%"
"24-04-2023","6.9004","6.8991","6.9133","6.8906","","0.02%"
"21-04-2023","6.8992","6.8846","6.9059","6.8775","","0.23%"
"20-04-2023","6.8837","6.8952","6.9035","6.8746","","-0.16%"
"19-04-2023","6.8944","6.8824","6.9108","6.8731","","0.19%"
"18-04-2023","6.8814","6.8825","6.8859","6.8643","","0.01%"
"17-04-2023","6.8810","6.8698","6.8891","6.8660","","0.17%"
"14-04-2023","6.8695","6.8719","6.8766","6.8299","","-0.02%"
"13-04-2023","6.8710","6.8804","6.8861","6.8658","","-0.16%"
"12-04-2023","6.8817","6.8941","6.8960","6.8746","","-0.17%"
"11-04-2023","6.8936","6.8906","6.8986","6.8850","","0.05%"
"10-04-2023","6.8902","6.8801","6.8965","6.8738","","0.20%"
"07-04-2023","6.8767","6.8819","6.8869","6.8711","","-0.08%"
"06-04-2023","6.8821","6.8844","6.8902","6.8707","","-0.02%"
"05-04-2023","6.8832","6.8790","6.8864","6.8625","","0.07%"
"04-04-2023","6.8781","6.8763","6.8934","6.8705","","0.03%"
"03-04-2023","6.8763","6.8724","6.9011","6.8711","","0.03%"
"31-03-2023","6.8741","6.8745","6.8814","6.8432","","0.00%"
"30-03-2023","6.8739","6.8944","6.9127","6.8736","","-0.30%"
"29-03-2023","6.8947","6.8777","6.8990","6.8744","","0.24%"
"28-03-2023","6.8779","6.8826","6.8903","6.8702","","-0.06%"
"27-03-2023","6.8818","6.8689","6.8966","6.8664","","0.19%"
"24-03-2023","6.8688","6.8299","6.8848","6.8276","","0.59%"
"23-03-2023","6.8288","6.8612","6.8639","6.8088","","-0.47%"
"22-03-2023","6.8612","6.8766","6.8948","6.8432","","-0.21%"
"21-03-2023","6.8759","6.8738","6.8854","6.8648","","0.05%"
"20-03-2023","6.8728","6.8888","6.9074","6.8723","","-0.24%"
"17-03-2023","6.8893","6.8952","6.9015","6.8575","","-0.08%"
"16-03-2023","6.8946","6.8930","6.9151","6.8831","","0.02%"
"15-03-2023","6.8929","6.8821","6.9149","6.8714","","0.16%"
"14-03-2023","6.8820","6.8520","6.8889","6.8475","","0.44%"
"13-03-2023","6.8517","6.9391","6.9391","6.8314","","-1.25%"
"10-03-2023","6.9381","6.9769","6.9859","6.9028","","-0.55%"
"09-03-2023","6.9764","6.9683","6.9871","6.9630","","0.13%"
"08-03-2023","6.9674","6.9939","6.9977","6.9468","","-0.38%"
"07-03-2023","6.9937","6.9499","6.9959","6.9260","","0.63%"
"06-03-2023","6.9498","6.8969","6.9528","6.8966","","0.78%"
"03-03-2023","6.8962","6.9212","6.9217","6.8902","","-0.35%"
"02-03-2023","6.9201","6.8791","6.9338","6.8706","","0.61%"
"01-03-2023","6.8784","6.9550","6.9619","6.8633","","-1.09%"
"28-02-2023","6.9539","6.9605","6.9654","6.9450","","-0.08%"
"27-02-2023","6.9592","6.9715","6.9901","6.9548","","-0.30%"
"24-02-2023","6.9801","6.9160","6.9833","6.9112","","0.91%"
"23-02-2023","6.9173","6.9043","6.9242","6.8836","","0.18%"
"22-02-2023","6.9049","6.8931","6.9085","6.8870","","0.19%"
"21-02-2023","6.8917","6.8596","6.8963","6.8573","","0.49%"
"20-02-2023","6.8581","6.8625","6.8835","6.8543","","-0.19%"
"17-02-2023","6.8714","6.8686","6.8970","6.8679","","0.05%"
"16-02-2023","6.8680","6.8627","6.8806","6.8499","","0.09%"
"15-02-2023","6.8616","6.8374","6.8714","6.8298","","0.37%"
"14-02-2023","6.8363","6.8240","6.8408","6.8058","","0.19%"
"13-02-2023","6.8232","6.8225","6.8469","6.8173","","0.01%"
"10-02-2023","6.8226","6.7951","6.8289","6.7892","","0.40%"
"09-02-2023","6.7951","6.7961","6.8049","6.7759","","0.00%"
"08-02-2023","6.7950","6.7839","6.8037","6.7737","","0.18%"
"07-02-2023","6.7826","6.8007","6.8057","6.7762","","-0.26%"
"06-02-2023","6.8003","6.8099","6.8324","6.7776","","-0.09%"
"03-02-2023","6.8061","6.7386","6.8103","6.7339","","1.00%"
"02-02-2023","6.7385","6.7201","6.7446","6.7055","","0.30%"
"01-02-2023","6.7184","6.7550","6.7584","6.7146","","-0.55%"
"31-01-2023","6.7556","6.7565","6.7672","6.7484","","-0.01%"
"30-01-2023","6.7561","6.7558","6.7590","6.7390","","0.01%"
"27-01-2023","6.7556","6.7365","6.7720","6.7210","","0.31%"
"26-01-2023","6.7345","6.7717","6.7752","6.7247","","-0.53%"
"25-01-2023","6.7703","6.7839","6.7892","6.7660","","-0.18%"
"24-01-2023","6.7827","6.7762","6.7914","6.7694","","0.11%"
"23-01-2023","6.7752","6.7811","6.7908","6.7632","","-0.09%"
"20-01-2023","6.7815","6.7705","6.7934","6.7597","","0.17%"
"19-01-2023","6.7701","6.7693","6.7947","6.7624","","0.03%"
"18-01-2023","6.7682","6.7698","6.7906","6.7413","","-0.01%"
"17-01-2023","6.7687","6.7425","6.7904","6.7346","","0.39%"
"16-01-2023","6.7425","6.7074","6.7483","6.6969","","0.53%"
"13-01-2023","6.7069","6.7263","6.7493","6.7049","","-0.27%"
"12-01-2023","6.7251","6.7677","6.7738","6.7249","","-0.60%"
"11-01-2023","6.7657","6.7849","6.7976","6.7620","","-0.27%"
"10-01-2023","6.7840","6.7818","6.7996","6.7579","","0.03%"
"09-01-2023","6.7817","6.8308","6.8316","6.7657","","-0.71%"
"06-01-2023","6.8303","6.8917","6.8917","6.8235","","-0.88%"
"05-01-2023","6.8910","6.8991","6.9032","6.8704","","-0.11%"
"04-01-2023","6.8989","6.9240","6.9251","6.8800","","-0.35%"
"03-01-2023","6.9233","6.9268","6.9397","6.8787","","-0.05%"
"02-01-2023","6.9266","6.9229","6.9325","6.9125","","0.05%"
"30-12-2022","6.9229","6.9739","6.9771","6.9049","","-0.71%"
"29-12-2022","6.9725","6.9952","6.9991","6.9679","","-0.32%"
"28-12-2022","6.9948","6.9683","7.0028","6.9643","","0.39%"
"27-12-2022","6.9677","6.9754","6.9784","6.9567","","-0.10%"
"26-12-2022","6.9747","7.0045","7.0096","6.9736","","-0.42%"
"23-12-2022","7.0042","7.0096","7.0131","6.9884","","-0.06%"
"22-12-2022","7.0085","6.9866","7.0159","6.9749","","0.33%"
"21-12-2022","6.9856","6.9606","6.9966","6.9601","","0.38%"
"20-12-2022","6.9593","6.9862","6.9971","6.9563","","-0.38%"
"19-12-2022","6.9860","6.9788","6.9907","6.9695","","0.13%"
"16-12-2022","6.9769","6.9914","6.9961","6.9654","","-0.19%"
"15-12-2022","6.9901","6.9433","7.0004","6.9426","","0.68%"
"14-12-2022","6.9432","6.9634","6.9719","6.9381","","-0.28%"
"13-12-2022","6.9630","6.9894","7.0028","6.9458","","-0.37%"
"12-12-2022","6.9888","6.9721","6.9981","6.9663","","0.24%"
"09-12-2022","6.9721","6.9605","6.9768","6.9416","","0.17%"
"08-12-2022","6.9601","6.9611","6.9801","6.9565","","-0.01%"
"07-12-2022","6.9610","6.9820","6.9925","6.9510","","-0.29%"
"06-12-2022","6.9809","6.9745","7.0006","6.9498","","0.10%"
"05-12-2022","6.9739","7.0184","7.0189","6.9294","","-0.62%"
"02-12-2022","7.0176","7.0381","7.0723","7.0049","","-0.29%"
"01-12-2022","7.0377","7.0466","7.0915","7.0248","","-0.10%"
"30-11-2022","7.0449","7.1428","7.1606","7.0439","","-1.37%"
"29-11-2022","7.1429","7.2474","7.2496","7.1339","","-1.44%"
"28-11-2022","7.2471","7.1955","7.2577","7.1955","","0.71%"
"25-11-2022","7.1957","7.1695","7.2120","7.1493","","0.38%"
"24-11-2022","7.1686","7.1537","7.1706","7.1331","","0.23%"
"23-11-2022","7.1525","7.1368","7.1835","7.1257","","0.24%"
"22-11-2022","7.1355","7.1788","7.1792","7.1316","","-0.60%"
"21-11-2022","7.1787","7.1252","7.1869","7.1220","","0.77%"
"18-11-2022","7.1238","7.1474","7.1624","7.1134","","-0.31%"
"17-11-2022","7.1462","7.1076","7.1792","7.0880","","0.55%"
"16-11-2022","7.1072","7.0485","7.1118","7.0448","","0.87%"
"15-11-2022","7.0460","7.0416","7.0622","7.0219","","0.07%"
"14-11-2022","7.0413","7.0890","7.1029","7.0188","","-0.67%"
"11-11-2022","7.0885","7.1523","7.1900","7.0575","","-0.87%"
"10-11-2022","7.1510","7.2737","7.2799","7.1496","","-1.66%"
"09-11-2022","7.2715","7.2298","7.2801","7.2298","","0.56%"
"08-11-2022","7.2310","7.2304","7.2758","7.2161","","0.02%"
"07-11-2022","7.2293","7.1926","7.2598","7.1926","","0.75%"
"04-11-2022","7.1752","7.3316","7.3396","7.1718","","-2.10%"
"03-11-2022","7.3293","7.3446","7.3541","7.3110","","-0.21%"
"02-11-2022","7.3445","7.3085","7.3489","7.2610","","0.51%"
"01-11-2022","7.3075","7.3364","7.3551","7.2594","","-0.38%"
"31-10-2022","7.3356","7.2762","7.3395","7.2723","","0.91%"
"28-10-2022","7.2698","7.2505","7.2844","7.2248","","0.28%"
"27-10-2022","7.2496","7.1873","7.2693","7.1661","","0.89%"
"26-10-2022","7.1859","7.3141","7.3418","7.1820","","-1.75%"
"25-10-2022","7.3140","7.3266","7.3753","7.3026","","-0.16%"
"24-10-2022","7.3255","7.2344","7.3323","7.2340","","1.34%"
"21-10-2022","7.2284","7.2562","7.2840","7.2192","","-0.38%"
"20-10-2022","7.2562","7.2682","7.2792","7.2211","","-0.16%"
"19-10-2022","7.2679","7.2241","7.2750","7.2110","","0.61%"
"18-10-2022","7.2235","7.2083","7.2339","7.1935","","0.22%"
"17-10-2022","7.2079","7.2168","7.2242","7.1897","","-0.12%"
"14-10-2022","7.2162","7.1760","7.2288","7.1586","","0.58%"
"13-10-2022","7.1747","7.1747","7.2380","7.1632","","0.00%"
"12-10-2022","7.1746","7.1712","7.1930","7.1537","","0.09%"
"11-10-2022","7.1684","7.1526","7.2007","7.1461","","0.22%"
"10-10-2022","7.1524","7.1315","7.1680","7.1136","","0.29%"
"07-10-2022","7.1314","7.0835","7.1390","7.0757","","0.67%"
"06-10-2022","7.0838","7.0683","7.0899","7.0216","","0.24%"
"05-10-2022","7.0671","7.0375","7.0944","7.0121","","0.41%"
"04-10-2022","7.0381","7.1031","7.1172","7.0307","","-0.92%"
"03-10-2022","7.1033","7.1415","7.1566","7.0900","","-0.53%"
"30-09-2022","7.1415","7.0984","7.1423","7.0722","","0.63%"
"29-09-2022","7.0969","7.1624","7.2164","7.0889","","-0.90%"
"28-09-2022","7.1614","7.1796","7.2677","7.1451","","-0.23%"
"27-09-2022","7.1782","7.1740","7.1915","7.1453","","0.08%"
"26-09-2022","7.1726","7.1330","7.1771","7.1297","","0.56%"
"23-09-2022","7.1330","7.0796","7.1466","7.0769","","0.75%"
"22-09-2022","7.0796","7.0754","7.1064","7.0607","","0.07%"
"21-09-2022","7.0744","7.0308","7.0802","7.0269","","0.64%"
"20-09-2022","7.0297","7.0050","7.0332","6.9991","","0.37%"
"19-09-2022","7.0038","7.0020","7.0260","6.9911","","0.07%"
"16-09-2022","6.9989","7.0129","7.0429","6.9970","","-0.20%"
"15-09-2022","7.0129","6.9741","7.0188","6.9675","","0.57%"
"14-09-2022","6.9733","6.9823","6.9852","6.9615","","-0.12%"
"13-09-2022","6.9816","6.9180","6.9850","6.9110","","0.94%"
"12-09-2022","6.9169","6.9366","6.9486","6.9104","","-0.28%"
"09-09-2022","6.9362","6.9609","6.9639","6.9174","","-0.35%"
"08-09-2022","6.9609","6.9566","6.9780","6.9507","","0.07%"
"07-09-2022","6.9558","6.9705","6.9975","6.9556","","-0.20%"
"06-09-2022","6.9696","6.9425","6.9826","6.9328","","0.41%"
"05-09-2022","6.9414","6.9185","6.9554","6.9163","","0.33%"
"02-09-2022","6.9183","6.9158","6.9214","6.9002","","0.05%"
"01-09-2022","6.9150","6.9054","6.9208","6.8882","","0.14%"
"31-08-2022","6.9053","6.9236","6.9256","6.8907","","-0.25%"
"30-08-2022","6.9225","6.9156","6.9293","6.9038","","0.11%"
"29-08-2022","6.9147","6.8942","6.9331","6.8920","","0.30%"
"26-08-2022","6.8943","6.8505","6.8982","6.8491","","0.65%"
"25-08-2022","6.8498","6.8761","6.8780","6.8461","","-0.37%"
"24-08-2022","6.8751","6.8530","6.8879","6.8517","","0.32%"
"23-08-2022","6.8532","6.8684","6.8853","6.8366","","-0.20%"
"22-08-2022","6.8667","6.8347","6.8757","6.8328","","0.47%"
"19-08-2022","6.8346","6.8028","6.8447","6.7982","","0.49%"
"18-08-2022","6.8016","6.7927","6.8142","6.7846","","0.15%"
"17-08-2022","6.7911","6.7920","6.8011","6.7752","","-0.01%"
"16-08-2022","6.7919","6.8165","6.8195","6.7906","","-0.35%"
"15-08-2022","6.8156","6.7371","6.8201","6.7354","","1.18%"
"12-08-2022","6.7362","6.7439","6.7460","6.7298","","-0.11%"
"11-08-2022","6.7436","6.7233","6.7447","6.7213","","0.31%"
"10-08-2022","6.7228","6.7550","6.7654","6.7158","","-0.46%"
"09-08-2022","6.7541","6.7622","6.7657","6.7526","","-0.11%"
"08-08-2022","6.7618","6.7663","6.7715","6.7575","","-0.07%"
"05-08-2022","6.7665","6.7512","6.7694","6.7456","","0.24%"
"04-08-2022","6.7504","6.7625","6.7682","6.7494","","-0.15%"
"03-08-2022","6.7605","6.7783","6.7804","6.7523","","-0.25%"
"02-08-2022","6.7772","6.7843","6.7958","6.7491","","-0.10%"
"01-08-2022","6.7843","6.7509","6.7907","6.7488","","0.50%"
"29-07-2022","6.7503","6.7443","6.7591","6.7284","","0.10%"
"28-07-2022","6.7434","6.7436","6.7561","6.7344","","0.01%"
"27-07-2022","6.7424","6.7678","6.7709","6.7392","","-0.35%"
"26-07-2022","6.7661","6.7518","6.7722","6.7453","","0.22%"
"25-07-2022","6.7510","6.7587","6.7670","6.7435","","-0.09%"
"22-07-2022","6.7571","6.7698","6.7846","6.7474","","-0.18%"
"21-07-2022","6.7690","6.7744","6.7884","6.7614","","-0.08%"
"20-07-2022","6.7741","6.7452","6.7777","6.7367","","0.44%"
"19-07-2022","6.7441","6.7604","6.7624","6.7400","","-0.22%"
"18-07-2022","6.7592","6.7607","6.7652","6.7355","","0.07%"
"15-07-2022","6.7542","6.7610","6.7846","6.7475","","-0.10%"
"14-07-2022","6.7611","6.7256","6.7916","6.7236","","0.54%"
"13-07-2022","6.7251","6.7361","6.7479","6.7103","","-0.17%"
"12-07-2022","6.7366","6.7259","6.7537","6.7210","","0.17%"
"11-07-2022","6.7252","6.6859","6.7270","6.6856","","0.62%"
"08-07-2022","6.6839","6.6930","6.7101","6.6828","","-0.12%"
"07-07-2022","6.6922","6.7158","6.7205","6.6906","","-0.34%"
"06-07-2022","6.7147","6.7119","6.7196","6.7025","","0.04%"
"05-07-2022","6.7118","6.6940","6.7249","6.6814","","0.27%"
"04-07-2022","6.6939","6.6997","6.7070","6.6802","","-0.04%"
"01-07-2022","6.6967","6.6948","6.7276","6.6935","","0.06%"
"30-06-2022","6.6928","6.7074","6.7123","6.6895","","-0.21%"
"29-06-2022","6.7068","6.7026","6.7181","6.6928","","0.06%"
"28-06-2022","6.7025","6.6927","6.7144","6.6683","","0.17%"
"27-06-2022","6.6914","6.6827","6.6943","6.6768","","0.13%"
"24-06-2022","6.6826","6.6996","6.7038","6.6749","","-0.25%"
"23-06-2022","6.6995","6.7126","6.7201","6.6944","","-0.18%"
"22-06-2022","6.7118","6.6923","6.7345","6.6891","","0.31%"
"21-06-2022","6.6912","6.6891","6.7015","6.6715","","0.03%"
"20-06-2022","6.6893","6.7106","6.7167","6.6684","","-0.29%"
"17-06-2022","6.7085","6.6845","6.7259","6.6835","","0.37%"
"16-06-2022","6.6836","6.6686","6.7285","6.6679","","0.24%"
"15-06-2022","6.6674","6.7560","6.7586","6.6664","","-1.31%"
"14-06-2022","6.7558","6.7815","6.7863","6.7270","","-0.36%"
"13-06-2022","6.7803","6.7319","6.7859","6.7319","","0.74%"
"10-06-2022","6.7308","6.7010","6.7382","6.6853","","0.46%"
"09-06-2022","6.7003","6.7013","6.7101","6.6655","","0.01%"
"08-06-2022","6.6999","6.6713","6.7025","6.6665","","0.45%"
"07-06-2022","6.6699","6.6575","6.6891","6.6530","","0.21%"
"06-06-2022","6.6557","6.6484","6.6650","6.6360","","-0.03%"
"03-06-2022","6.6575","6.6575","6.6635","6.6178","","0.05%"
"02-06-2022","6.6539","6.6982","6.7155","6.6537","","-0.64%"
"01-06-2022","6.6970","6.6788","6.7141","6.6726","","0.27%"
"31-05-2022","6.6787","6.6712","6.6934","6.6596","","0.11%"
"30-05-2022","6.6712","6.7196","6.7231","6.6544","","-0.72%"
"27-05-2022","6.7196","6.7680","6.7864","6.7074","","-0.70%"
"26-05-2022","6.7670","6.7132","6.7719","6.7009","","0.82%"
"25-05-2022","6.7122","6.6574","6.7229","6.6568","","0.84%"
"24-05-2022","6.6566","6.6619","6.6921","6.6560","","-0.06%"
"23-05-2022","6.6605","6.6961","6.7053","6.6469","","-0.51%"
"20-05-2022","6.6948","6.7278","6.7437","6.6716","","-0.47%"
"19-05-2022","6.7266","6.7800","6.7896","6.7158","","-0.77%"
"18-05-2022","6.7790","6.7412","6.7867","6.7334","","0.59%"
"17-05-2022","6.7390","6.7982","6.8014","6.7248","","-0.83%"
"16-05-2022","6.7956","6.7965","6.8215","6.7828","","0.02%"
"13-05-2022","6.7943","6.8267","6.8386","6.7832","","-0.46%"
"12-05-2022","6.8257","6.7634","6.8329","6.7543","","0.96%"
"11-05-2022","6.7611","6.7461","6.7679","6.7305","","0.24%"
"10-05-2022","6.7449","6.7560","6.7776","6.7096","","-0.15%"
"09-05-2022","6.7547","6.7042","6.7778","6.6975","","0.58%"
"06-05-2022","6.7158","6.6830","6.7350","6.6788","","0.53%"
"05-05-2022","6.6802","6.6224","6.6995","6.6150","","0.98%"
"04-05-2022","6.6155","6.6483","6.6701","6.6109","","-0.45%"
"03-05-2022","6.6453","6.6751","6.6991","6.6430","","-0.44%"
"02-05-2022","6.6745","6.6399","6.6907","6.6390","","0.52%"
"29-04-2022","6.6397","6.6592","6.6949","6.6092","","-0.27%"
"28-04-2022","6.6579","6.5868","6.6758","6.5854","","1.11%"
"27-04-2022","6.5845","6.5908","6.5967","6.5750","","-0.06%"
"26-04-2022","6.5887","6.5715","6.5988","6.5445","","0.29%"
"25-04-2022","6.5696","6.5277","6.6097","6.5226","","0.69%"
"22-04-2022","6.5243","6.4807","6.5482","6.4721","","0.71%"
"21-04-2022","6.4783","6.4451","6.4844","6.4323","","0.55%"
"20-04-2022","6.4430","6.4191","6.4577","6.4131","","0.41%"
"19-04-2022","6.4164","6.3791","6.4247","6.3765","","0.58%"
"18-04-2022","6.3791","6.3811","6.3918","6.3732","","-0.02%"
"15-04-2022","6.3801","6.3896","6.3945","6.3770","","-0.12%"
"14-04-2022","6.3880","6.3771","6.3966","6.3714","","0.19%"
"13-04-2022","6.3760","6.3766","6.3835","6.3703","","0.02%"
"12-04-2022","6.3745","6.3877","6.3915","6.3731","","-0.19%"
"11-04-2022","6.3864","6.3685","6.3906","6.3664","","0.31%"
"08-04-2022","6.3667","6.3625","6.3773","6.3579","","0.09%"
"07-04-2022","6.3611","6.3590","6.3700","6.3574","","0.05%"
"06-04-2022","6.3579","6.3771","6.3883","6.3575","","-0.28%"
"05-04-2022","6.3758","6.3741","6.3825","6.3611","","0.06%"
"04-04-2022","6.3720","6.3665","6.3784","6.3646","","0.11%"
"01-04-2022","6.3649","6.3546","6.3736","6.3505","","0.18%"
"31-03-2022","6.3533","6.3600","6.3629","6.3446","","-0.08%"
"30-03-2022","6.3587","6.3752","6.3790","6.3555","","-0.22%"
"29-03-2022","6.3730","6.3865","6.3892","6.3709","","-0.21%"
"28-03-2022","6.3864","6.3847","6.3998","6.3804","","0.06%"
"25-03-2022","6.3827","6.3825","6.3866","6.3716","","0.02%"
"24-03-2022","6.3812","6.3885","6.3946","6.3786","","-0.10%"
"23-03-2022","6.3877","6.3765","6.3922","6.3738","","0.21%"
"22-03-2022","6.3745","6.3697","6.3794","6.3678","","0.09%"
"21-03-2022","6.3685","6.3665","6.3809","6.3609","","0.07%"
"18-03-2022","6.3640","6.3628","6.3822","6.3594","","0.06%"
"17-03-2022","6.3604","6.3630","6.3702","6.3542","","0.00%"
"16-03-2022","6.3603","6.3814","6.3926","6.3521","","-0.32%"
"15-03-2022","6.3804","6.3950","6.4118","6.3797","","-0.21%"
"14-03-2022","6.3939","6.3580","6.3991","6.3555","","0.60%"
"11-03-2022","6.3560","6.3273","6.3662","6.3236","","0.49%"
"10-03-2022","6.3251","6.3232","6.3323","6.3207","","0.06%"
"09-03-2022","6.3213","6.3254","6.3316","6.3175","","-0.04%"
"08-03-2022","6.3236","6.3263","6.3306","6.3119","","0.00%"
"07-03-2022","6.3237","6.3244","6.3320","6.3197","","0.03%"
"04-03-2022","6.3221","6.3225","6.3316","6.3166","","0.00%"
"03-03-2022","6.3223","6.3238","6.3282","6.3179","","0.01%"
"02-03-2022","6.3218","6.3174","6.3326","6.3106","","0.08%"
"01-03-2022","6.3168","6.3141","6.3226","6.3048","","0.09%"
"28-02-2022","6.3112","6.3081","6.3246","6.3067","","0.09%"
"25-02-2022","6.3058","6.3230","6.3268","6.3072","","-0.25%"
"24-02-2022","6.3214","6.3124","6.3358","6.3054","","0.18%"
"23-02-2022","6.3099","6.3239","6.3303","6.3072","","-0.21%"
"22-02-2022","6.3229","6.3260","6.3460","6.3183","","-0.03%"
"21-02-2022","6.3245","6.3235","6.3317","6.3187","","0.02%"
"18-02-2022","6.3233","6.3344","6.3372","6.3179","","-0.15%"
"17-02-2022","6.3325","6.3323","6.3400","6.3268","","0.00%"
"16-02-2022","6.3323","6.3361","6.3436","6.3299","","-0.04%"
"15-02-2022","6.3348","6.3576","6.3611","6.3323","","-0.34%"
"14-02-2022","6.3564","6.3652","6.3689","6.3545","","-0.11%"
"11-02-2022","6.3634","6.3636","6.3710","6.3537","","0.02%"
"10-02-2022","6.3621","6.3629","6.3694","6.3509","","0.02%"
"09-02-2022","6.3608","6.3667","6.3721","6.3593","","-0.07%"
"08-02-2022","6.3653","6.3626","6.3773","6.3565","","0.08%"
"07-02-2022","6.3599","6.3602","6.3705","6.3556","","0.04%"
"04-02-2022","6.3576","6.3538","6.3701","6.3482","","0.09%"
"03-02-2022","6.3522","6.3576","6.3723","6.3505","","-0.06%"
"02-02-2022","6.3562","6.3676","6.3759","6.3559","","-0.17%"
"01-02-2022","6.3673","6.3706","6.3775","6.3640","","-0.03%"
"31-01-2022","6.3689","6.3677","6.3868","6.3628","","0.03%"
"28-01-2022","6.3670","6.3688","6.3748","6.3566","","0.00%"
"27-01-2022","6.3673","6.3348","6.3769","6.3344","","0.53%"
"26-01-2022","6.3337","6.3313","6.3393","6.3221","","0.06%"
"25-01-2022","6.3300","6.3335","6.3396","6.3284","","-0.03%"
"24-01-2022","6.3320","6.3400","6.3438","6.3242","","-0.10%"
"21-01-2022","6.3386","6.3464","6.3531","6.3368","","-0.08%"
"20-01-2022","6.3436","6.3511","6.3549","6.3410","","-0.10%"
"19-01-2022","6.3499","6.3606","6.3639","6.3474","","-0.13%"
"18-01-2022","6.3584","6.3513","6.3643","6.3398","","0.14%"
"17-01-2022","6.3495","6.3570","6.3658","6.3478","","-0.09%"
"14-01-2022","6.3555","6.3646","6.3681","6.3414","","-0.12%"
"13-01-2022","6.3634","6.3614","6.3702","6.3565","","0.05%"
"12-01-2022","6.3601","6.3774","6.3794","6.3597","","-0.25%"
"11-01-2022","6.3759","6.3805","6.3855","6.3752","","-0.06%"
"10-01-2022","6.3797","6.3823","6.3878","6.3749","","0.01%"
"07-01-2022","6.3792","6.3948","6.3981","6.3770","","-0.20%"
"06-01-2022","6.3923","6.3755","6.3996","6.3703","","0.28%"
"05-01-2022","6.3746","6.3739","6.3786","6.3648","","0.03%"
"04-01-2022","6.3727","6.3747","6.3844","6.3689","","0.00%"
"03-01-2022","6.3730","6.3600","6.3769","6.3503","","0.19%"
"31-12-2021","6.3611","6.3753","6.3804","6.3365","","-0.20%"
"30-12-2021","6.3736","6.3710","6.3800","6.3657","","0.08%"
"29-12-2021","6.3683","6.3741","6.3760","6.3656","","-0.05%"
"28-12-2021","6.3716","6.3747","6.3793","6.3692","","-0.02%"
"27-12-2021","6.3727","6.3740","6.3784","6.3688","","0.00%"
"24-12-2021","6.3724","6.3752","6.3803","6.3672","","-0.01%"
"23-12-2021","6.3731","6.3776","6.3809","6.3703","","-0.04%"
"22-12-2021","6.3754","6.3763","6.3833","6.3731","","0.01%"
"21-12-2021","6.3747","6.3831","6.3857","6.3746","","-0.11%"
"20-12-2021","6.3817","6.3856","6.3917","6.3807","","-0.06%"
"17-12-2021","6.3857","6.3801","6.3953","6.3734","","0.09%"
"16-12-2021","6.3797","6.3741","6.3829","6.3701","","0.11%"
"15-12-2021","6.3728","6.3742","6.3823","6.3666","","0.00%"
"14-12-2021","6.3730","6.3760","6.3772","6.3658","","-0.02%"
"13-12-2021","6.3745","6.3733","6.3783","6.3630","","-0.01%"
"10-12-2021","6.3750","6.3791","6.3906","6.3639","","-0.02%"
"09-12-2021","6.3764","6.3453","6.3853","6.3380","","0.51%"
"08-12-2021","6.3442","6.3644","6.3682","6.3299","","-0.29%"
"07-12-2021","6.3625","6.3745","6.3781","6.3623","","-0.17%"
"06-12-2021","6.3735","6.3722","6.3804","6.3674","","0.06%"
"03-12-2021","6.3698","6.3727","6.3811","6.3664","","-0.03%"
"02-12-2021","6.3715","6.3716","6.3791","6.3670","","0.01%"
"01-12-2021","6.3711","6.3665","6.3765","6.3621","","0.09%"
"30-11-2021","6.3653","6.3861","6.3884","6.3635","","-0.31%"
"29-11-2021","6.3853","6.3958","6.3983","6.3798","","-0.15%"
"26-11-2021","6.3946","6.3872","6.4015","6.3852","","0.14%"
"25-11-2021","6.3856","6.3955","6.3976","6.3854","","-0.14%"
"24-11-2021","6.3945","6.3911","6.4002","6.3860","","0.10%"
"23-11-2021","6.3883","6.3905","6.3960","6.3828","","0.00%"
"22-11-2021","6.3886","6.3889","6.3966","6.3766","","0.01%"
"19-11-2021","6.3881","6.3809","6.3964","6.3770","","0.14%"
"18-11-2021","6.3789","6.3741","6.3913","6.3716","","0.10%"
"17-11-2021","6.3725","6.3906","6.3948","6.3717","","-0.26%"
"16-11-2021","6.3889","6.3825","6.3989","6.3610","","0.13%"
"15-11-2021","6.3807","6.3791","6.3864","6.3725","","0.06%"
"12-11-2021","6.3768","6.3896","6.3961","6.3701","","-0.19%"
"11-11-2021","6.3887","6.3994","6.4089","6.3832","","-0.13%"
"10-11-2021","6.3972","6.3895","6.4032","6.3843","","0.14%"
"09-11-2021","6.3882","6.3884","6.3990","6.3852","","0.02%"
"08-11-2021","6.3868","6.3953","6.4009","6.3860","","-0.09%"
"05-11-2021","6.3925","6.3968","6.4085","6.3928","","-0.05%"
"04-11-2021","6.3955","6.3952","6.4035","6.3898","","0.03%"
"03-11-2021","6.3933","6.4029","6.4075","6.3913","","-0.13%"
"02-11-2021","6.4014","6.3943","6.4049","6.3914","","0.13%"
"01-11-2021","6.3933","6.4038","6.4107","6.3919","","-0.14%"
"29-10-2021","6.4021","6.3888","6.4120","6.3815","","0.23%"
"28-10-2021","6.3873","6.3939","6.4057","6.3871","","-0.08%"
"27-10-2021","6.3924","6.3786","6.3976","6.3747","","0.24%"
"26-10-2021","6.3772","6.3825","6.3871","6.3745","","-0.06%"
"25-10-2021","6.3809","6.3821","6.3896","6.3739","","-0.02%"
"22-10-2021","6.3819","6.3944","6.3993","6.3763","","-0.18%"
"21-10-2021","6.3932","6.3939","6.4015","6.3821","","0.01%"
"20-10-2021","6.3927","6.3763","6.3973","6.3700","","0.28%"
"19-10-2021","6.3750","6.4279","6.4310","6.3680","","-0.80%"
"18-10-2021","6.4262","6.4336","6.4402","6.4240","","-0.10%"
"15-10-2021","6.4328","6.4351","6.4394","6.4215","","-0.02%"
"14-10-2021","6.4338","6.4281","6.4415","6.4250","","0.12%"
"13-10-2021","6.4259","6.4556","6.4584","6.4246","","-0.44%"
"12-10-2021","6.4541","6.4591","6.4657","6.4486","","-0.06%"
"11-10-2021","6.4579","6.4444","6.4615","6.4335","","0.23%"
"08-10-2021","6.4431","6.4514","6.4569","6.4410","","-0.13%"
"07-10-2021","6.4513","6.4539","6.4587","6.4455","","-0.02%"
"06-10-2021","6.4526","6.4493","6.4721","6.4420","","0.07%"
"05-10-2021","6.4478","6.4502","6.4608","6.4414","","0.00%"
"04-10-2021","6.4477","6.4459","6.4604","6.4354","","0.23%"
"01-10-2021","6.4332","6.4492","6.4633","6.4262","","-0.22%"
"30-09-2021","6.4474","6.4775","6.4806","6.4450","","-0.45%"
"29-09-2021","6.4763","6.4660","6.4815","6.4651","","0.18%"
"28-09-2021","6.4646","6.4580","6.4685","6.4525","","0.12%"
"27-09-2021","6.4568","6.4608","6.4704","6.4530","","-0.04%"
"24-09-2021","6.4595","6.4626","6.4742","6.4570","","-0.02%"
"23-09-2021","6.4606","6.4664","6.4763","6.4519","","-0.09%"
"22-09-2021","6.4665","6.4811","6.4883","6.4530","","-0.21%"
"21-09-2021","6.4804","6.4830","6.4889","6.4710","","-0.01%"
"20-09-2021","6.4810","6.4724","6.4894","6.4676","","0.14%"
"17-09-2021","6.4717","6.4530","6.4746","6.4425","","0.31%"
"16-09-2021","6.4517","6.4264","6.4563","6.4241","","0.41%"
"15-09-2021","6.4251","6.4348","6.4447","6.4243","","-0.11%"
"14-09-2021","6.4322","6.4417","6.4488","6.4288","","-0.13%"
"13-09-2021","6.4406","6.4446","6.4556","6.4392","","-0.04%"
"10-09-2021","6.4430","6.4511","6.4563","6.4250","","-0.11%"
"09-09-2021","6.4498","6.4569","6.4639","6.4458","","-0.07%"
"08-09-2021","6.4544","6.4616","6.4647","6.4538","","-0.09%"
"07-09-2021","6.4600","6.4500","6.4661","6.4468","","0.17%"
"06-09-2021","6.4488","6.4363","6.4563","6.4325","","0.22%"
"03-09-2021","6.4344","6.4491","6.4576","6.4240","","-0.20%"
"02-09-2021","6.4472","6.4523","6.4605","6.4458","","-0.05%"
"01-09-2021","6.4507","6.4542","6.4653","6.4467","","-0.03%"
"31-08-2021","6.4524","6.4653","6.4732","6.4471","","-0.18%"
"30-08-2021","6.4639","6.4611","6.4700","6.4585","","0.02%"
"27-08-2021","6.4625","6.4845","6.4876","6.4587","","-0.32%"
"26-08-2021","6.4832","6.4714","6.4868","6.4677","","0.22%"
"25-08-2021","6.4689","6.4696","6.4801","6.4667","","0.01%"
"24-08-2021","6.4682","6.4771","6.4872","6.4649","","-0.11%"
"23-08-2021","6.4753","6.4981","6.5061","6.4744","","-0.34%"
"20-08-2021","6.4973","6.5005","6.5113","6.4949","","-0.03%"
"19-08-2021","6.4991","6.4848","6.5054","6.4816","","0.25%"
"18-08-2021","6.4826","6.4915","6.4952","6.4790","","-0.11%"
"17-08-2021","6.4900","6.4743","6.4978","6.4738","","0.24%"
"16-08-2021","6.4743","6.4763","6.4827","6.4715","","-0.01%"
"13-08-2021","6.4752","6.4762","6.4867","6.4745","","0.01%"
"12-08-2021","6.4747","6.4762","6.4834","6.4727","","-0.01%"
"11-08-2021","6.4753","6.4875","6.4941","6.4722","","-0.16%"
"10-08-2021","6.4857","6.4872","6.4906","6.4778","","-0.01%"
"09-08-2021","6.4861","6.4778","6.4892","6.4726","","0.17%"
"06-08-2021","6.4753","6.4624","6.4854","6.4587","","0.23%"
"05-08-2021","6.4605","6.4626","6.4672","6.4518","","-0.01%"
"04-08-2021","6.4611","6.4655","6.4689","6.4517","","-0.04%"
"03-08-2021","6.4635","6.4650","6.4705","6.4577","","0.00%"
"02-08-2021","6.4634","6.4622","6.4742","6.4570","","0.03%"
"30-07-2021","6.4615","6.4571","6.4741","6.4500","","0.10%"
"29-07-2021","6.4552","6.4852","6.4943","6.4554","","-0.42%"
"28-07-2021","6.4825","6.5275","6.5286","6.4835","","-0.66%"
"27-07-2021","6.5257","6.4833","6.5302","6.4763","","0.67%"
"26-07-2021","6.4820","6.4750","6.4961","6.4708","","0.12%"
"23-07-2021","6.4745","6.4749","6.4881","6.4693","","0.00%"
"22-07-2021","6.4742","6.4644","6.4794","6.4609","","0.18%"
"21-07-2021","6.4628","6.4879","6.4904","6.4608","","-0.36%"
"20-07-2021","6.4863","6.4943","6.4977","6.4798","","-0.08%"
"19-07-2021","6.4917","6.4756","6.4995","6.4711","","0.28%"
"16-07-2021","6.4738","6.4605","6.4844","6.4591","","0.22%"
"15-07-2021","6.4593","6.4591","6.4731","6.4557","","0.02%"
"14-07-2021","6.4578","6.4811","6.4857","6.4499","","-0.31%"
"13-07-2021","6.4779","6.4755","6.4837","6.4652","","0.06%"
"12-07-2021","6.4742","6.4798","6.4848","6.4719","","-0.05%"
"09-07-2021","6.4774","6.4938","6.5008","6.4774","","-0.21%"
"08-07-2021","6.4910","6.4743","6.5012","6.4724","","0.29%"
"07-07-2021","6.4721","6.4780","6.4846","6.4620","","-0.05%"
"06-07-2021","6.4754","6.4601","6.4873","6.4573","","0.26%"
"05-07-2021","6.4588","6.4713","6.4767","6.4583","","-0.20%"
"02-07-2021","6.4716","6.4715","6.4921","6.4682","","0.02%"
"01-07-2021","6.4700","6.4681","6.4770","6.4598","","0.04%"
"30-06-2021","6.4676","6.4654","6.4706","6.4578","","0.07%"
"29-06-2021","6.4631","6.4612","6.4732","6.4566","","0.06%"
"28-06-2021","6.4591","6.4594","6.4704","6.4551","","0.02%"
"25-06-2021","6.4576","6.4708","6.4750","6.4513","","-0.19%"
"24-06-2021","6.4697","6.4794","6.4873","6.4640","","-0.10%"
"23-06-2021","6.4762","6.4809","6.4953","6.4714","","-0.05%"
"22-06-2021","6.4794","6.4655","6.4879","6.4619","","0.24%"
"21-06-2021","6.4639","6.4626","6.4812","6.4514","","0.03%"
"18-06-2021","6.4620","6.4566","6.4662","6.4398","","0.09%"
"17-06-2021","6.4565","6.4408","6.4667","6.4208","","0.27%"
"16-06-2021","6.4392","6.4054","6.4435","6.3897","","0.55%"
"15-06-2021","6.4042","6.4070","6.4118","6.3999","","-0.02%"
"14-06-2021","6.4057","6.3954","6.4201","6.3927","","0.16%"
"11-06-2021","6.3957","6.3863","6.4010","6.3791","","0.16%"
"10-06-2021","6.3853","6.3879","6.3960","6.3770","","0.00%"
"09-06-2021","6.3855","6.3986","6.4026","6.3812","","-0.20%"
"08-06-2021","6.3980","6.3868","6.4036","6.3842","","0.20%"
"07-06-2021","6.3850","6.3899","6.4004","6.3842","","-0.06%"
"04-06-2021","6.3887","6.3994","6.4121","6.3840","","-0.14%"
"03-06-2021","6.3974","6.3836","6.4023","6.3779","","0.23%"
"02-06-2021","6.3829","6.3829","6.3923","6.3759","","0.02%"
"01-06-2021","6.3817","6.3725","6.3874","6.3598","","0.19%"
"31-05-2021","6.3697","6.3590","6.3762","6.3517","","0.18%"
"28-05-2021","6.3585","6.3710","6.3828","6.3572","","-0.18%"
"27-05-2021","6.3698","6.3808","6.3939","6.3657","","-0.14%"
"26-05-2021","6.3785","6.4124","6.4135","6.3760","","-0.51%"
"25-05-2021","6.4112","6.4093","6.4167","6.3919","","0.05%"
"24-05-2021","6.4079","6.4349","6.4425","6.4084","","-0.41%"
"21-05-2021","6.4344","6.4331","6.4429","6.4265","","0.05%"
"20-05-2021","6.4314","6.4399","6.4439","6.4303","","-0.10%"
"19-05-2021","6.4379","6.4227","6.4426","6.4188","","0.24%"
"18-05-2021","6.4226","6.4431","6.4443","6.4173","","-0.28%"
"17-05-2021","6.4409","6.4382","6.4512","6.4365","","0.05%"
"14-05-2021","6.4376","6.4469","6.4530","6.4310","","-0.12%"
"13-05-2021","6.4456","6.4594","6.4612","6.4441","","-0.21%"
"12-05-2021","6.4591","6.4279","6.4630","6.4243","","0.50%"
"11-05-2021","6.4268","6.4220","6.4337","6.4154","","0.10%"
"10-05-2021","6.4206","6.4152","6.4314","6.4020","","0.09%"
"07-05-2021","6.4150","6.4643","6.4690","6.4141","","-0.77%"
"06-05-2021","6.4645","6.4876","6.4907","6.4626","","-0.33%"
"05-05-2021","6.4859","6.4841","6.4948","6.4774","","0.06%"
"04-05-2021","6.4821","6.4700","6.4924","6.4668","","0.20%"
"03-05-2021","6.4693","6.4732","6.4845","6.4679","","-0.05%"
"30-04-2021","6.4724","6.4648","6.4767","6.4605","","0.15%"
"29-04-2021","6.4628","6.4753","6.4790","6.4601","","-0.20%"
"28-04-2021","6.4755","6.4805","6.4889","6.4677","","-0.06%"
"27-04-2021","6.4796","6.4726","6.4873","6.4701","","0.14%"
"26-04-2021","6.4706","6.4899","6.4927","6.4701","","-0.29%"
"23-04-2021","6.4892","6.4955","6.4998","6.4849","","-0.08%"
"22-04-2021","6.4941","6.4903","6.5006","6.4797","","0.09%"
"21-04-2021","6.4884","6.5009","6.5040","6.4874","","-0.16%"
"20-04-2021","6.4985","6.5089","6.5122","6.4873","","-0.15%"
"19-04-2021","6.5082","6.5269","6.5361","6.5010","","-0.26%"
"16-04-2021","6.5251","6.5268","6.5382","6.5198","","-0.01%"
"15-04-2021","6.5259","6.5311","6.5455","6.5216","","-0.06%"
"14-04-2021","6.5296","6.5439","6.5487","6.5252","","-0.20%"
"13-04-2021","6.5429","6.5483","6.5599","6.5406","","-0.06%"
"12-04-2021","6.5469","6.5587","6.5673","6.5450","","-0.16%"
"09-04-2021","6.5572","6.5568","6.5708","6.5500","","0.03%"
"08-04-2021","6.5551","6.5486","6.5637","6.5451","","0.11%"
"07-04-2021","6.5479","6.5427","6.5543","6.5383","","0.11%"
"06-04-2021","6.5409","6.5574","6.5663","6.5398","","-0.24%"
"05-04-2021","6.5565","6.5763","6.5845","6.5526","","-0.30%"
"02-04-2021","6.5763","6.5747","6.5812","6.5640","","0.03%"
"01-04-2021","6.5745","6.5640","6.5890","6.5574","","0.18%"
"31-03-2021","6.5627","6.5732","6.5790","6.5551","","-0.14%"
"30-03-2021","6.5722","6.5756","6.5850","6.5665","","-0.03%"
"29-03-2021","6.5745","6.5388","6.5851","6.5366","","0.58%"
"26-03-2021","6.5364","6.5483","6.5512","6.5367","","-0.15%"
"25-03-2021","6.5465","6.5296","6.5549","6.5251","","0.28%"
"24-03-2021","6.5280","6.5212","6.5313","6.5131","","0.12%"
"23-03-2021","6.5201","6.5072","6.5217","6.5025","","0.21%"
"22-03-2021","6.5064","6.5090","6.5180","6.5012","","-0.01%"
"19-03-2021","6.5068","6.5067","6.5233","6.5020","","0.02%"
"18-03-2021","6.5054","6.4855","6.5160","6.4841","","0.31%"
"17-03-2021","6.4852","6.5011","6.5119","6.4842","","-0.23%"
"16-03-2021","6.5001","6.4980","6.5070","6.4914","","0.06%"
"15-03-2021","6.4961","6.4963","6.5182","6.4929","","0.02%"
"12-03-2021","6.4950","6.4783","6.5157","6.4753","","0.28%"
"11-03-2021","6.4770","6.4949","6.5064","6.4762","","-0.26%"
"10-03-2021","6.4936","6.5189","6.5296","6.4928","","-0.38%"
"09-03-2021","6.5183","6.5518","6.5638","6.5105","","-0.49%"
"08-03-2021","6.5504","6.5143","6.5550","6.5047","","0.58%"
"05-03-2021","6.5124","6.4920","6.5300","6.4784","","0.33%"
"04-03-2021","6.4909","6.4773","6.4939","6.4690","","0.23%"
"03-03-2021","6.4758","6.4742","6.4797","6.4575","","0.03%"
"02-03-2021","6.4736","6.4703","6.4850","6.4628","","0.09%"
"01-03-2021","6.4675","6.4786","6.4819","6.4636","","-0.16%"
"26-02-2021","6.4780","6.4890","6.5093","6.4640","","-0.15%"
"25-02-2021","6.4877","6.4475","6.4984","6.4429","","0.64%"
"24-02-2021","6.4465","6.4597","6.4662","6.4392","","-0.17%"
"23-02-2021","6.4577","6.4661","6.4753","6.4521","","-0.11%"
"22-02-2021","6.4650","6.4592","6.4773","6.4427","","0.10%"
"19-02-2021","6.4583","6.4599","6.4691","6.4409","","-0.01%"
"18-02-2021","6.4592","6.4350","6.4725","6.4292","","0.39%"
"17-02-2021","6.4344","6.4253","6.4511","6.4240","","0.16%"
"16-02-2021","6.4243","6.4058","6.4310","6.3999","","0.31%"
"15-02-2021","6.4044","6.4204","6.4246","6.3989","","-0.23%"
"12-02-2021","6.4194","6.4235","6.4391","6.4182","","-0.05%"
"11-02-2021","6.4225","6.4289","6.4353","6.4166","","-0.08%"
"10-02-2021","6.4274","6.4204","6.4346","6.4123","","0.15%"
"09-02-2021","6.4177","6.4407","6.4502","6.4172","","-0.35%"
"08-02-2021","6.4400","6.4585","6.4640","6.4384","","-0.23%"
"05-02-2021","6.4549","6.4725","6.4892","6.4559","","-0.25%"
"04-02-2021","6.4709","6.4591","6.4797","6.4563","","0.22%"
"03-02-2021","6.4569","6.4585","6.4690","6.4545","","-0.01%"
"02-02-2021","6.4575","6.4760","6.4768","6.4537","","-0.27%"
"01-02-2021","6.4748","6.4469","6.4805","6.4426","","0.45%"
"29-01-2021","6.4459","6.4742","6.4823","6.4391","","-0.40%"
"28-01-2021","6.4719","6.4963","6.5161","6.4683","","-0.37%"
"27-01-2021","6.4962","6.4730","6.5015","6.4662","","0.38%"
"26-01-2021","6.4718","6.4872","6.4909","6.4679","","-0.21%"
"25-01-2021","6.4854","6.4936","6.4983","6.4808","","-0.14%"
"22-01-2021","6.4945","6.4645","6.5007","6.4628","","0.48%"
"21-01-2021","6.4633","6.4619","6.4717","6.4535","","0.04%"
"20-01-2021","6.4609","6.4808","6.4833","6.4595","","-0.27%"
"19-01-2021","6.4787","6.4957","6.5001","6.4727","","-0.26%"
"18-01-2021","6.4958","6.4832","6.5085","6.4765","","0.18%"
"15-01-2021","6.4841","6.4643","6.4873","6.4613","","0.32%"
"14-01-2021","6.4633","6.4658","6.4784","6.4571","","-0.02%"
"13-01-2021","6.4645","6.4426","6.4711","6.4390","","0.35%"
"12-01-2021","6.4419","6.4798","6.4806","6.4412","","-0.56%"
"11-01-2021","6.4782","6.4636","6.4914","6.4610","","0.23%"
"08-01-2021","6.4632","6.4714","6.4778","6.4520","","-0.10%"
"07-01-2021","6.4699","6.4497","6.4788","6.4356","","0.33%"
"06-01-2021","6.4487","6.4368","6.4585","6.4242","","0.20%"
"05-01-2021","6.4357","6.4551","6.4587","6.4114","","-0.29%"
"04-01-2021","6.4541","6.5050","6.5054","6.4397","","-0.75%"
"01-01-2021","6.5028","6.5030","6.5070","6.4970","","0.02%"
"31-12-2020","6.5017","6.5063","6.5181","6.4879","","-0.05%"
"30-12-2020","6.5049","6.5181","6.5252","6.5005","","-0.19%"
"29-12-2020","6.5170","6.5335","6.5352","6.5128","","-0.23%"
"28-12-2020","6.5321","6.5182","6.5383","6.5130","","0.24%"
"25-12-2020","6.5163","6.5168","6.5255","6.5005","","-0.01%"
"24-12-2020","6.5169","6.5331","6.5358","6.5134","","-0.23%"
"23-12-2020","6.5318","6.5403","6.5483","6.5193","","-0.11%"
"22-12-2020","6.5392","6.5363","6.5491","6.5290","","0.09%"
"21-12-2020","6.5332","6.5199","6.5542","6.5179","","0.23%"
"18-12-2020","6.5182","6.5170","6.5338","6.5107","","0.03%"
"17-12-2020","6.5165","6.5122","6.5183","6.4991","","0.08%"
"16-12-2020","6.5111","6.5171","6.5300","6.5041","","-0.08%"
"15-12-2020","6.5162","6.5292","6.5461","6.5152","","-0.19%"
"14-12-2020","6.5285","6.5381","6.5396","6.5163","","-0.14%"
"11-12-2020","6.5378","6.5359","6.5431","6.5212","","0.05%"
"10-12-2020","6.5344","6.5285","6.5470","6.5237","","0.11%"
"09-12-2020","6.5269","6.5200","6.5430","6.4963","","0.11%"
"08-12-2020","6.5195","6.5196","6.5283","6.5069","","0.03%"
"07-12-2020","6.5174","6.5164","6.5366","6.5093","","0.02%"
"04-12-2020","6.5163","6.5356","6.5435","6.5064","","-0.28%"
"03-12-2020","6.5346","6.5435","6.5546","6.5246","","-0.13%"
"02-12-2020","6.5431","6.5515","6.5635","6.5405","","-0.11%"
"01-12-2020","6.5501","6.5838","6.5852","6.5474","","-0.50%"
"30-11-2020","6.5827","6.5738","6.5889","6.5646","","0.12%"
"27-11-2020","6.5746","6.5697","6.5816","6.5629","","0.10%"
"26-11-2020","6.5682","6.5634","6.5746","6.5547","","0.09%"
"25-11-2020","6.5622","6.5754","6.5841","6.5605","","-0.18%"
"24-11-2020","6.5743","6.5806","6.5983","6.5683","","-0.07%"
"23-11-2020","6.5787","6.5527","6.5894","6.5438","","0.43%"
"20-11-2020","6.5506","6.5776","6.5808","6.5500","","-0.39%"
"19-11-2020","6.5763","6.5612","6.5922","6.5554","","0.24%"
"18-11-2020","6.5605","6.5482","6.5683","6.5318","","0.20%"
"17-11-2020","6.5472","6.5731","6.5757","6.5444","","-0.36%"
"16-11-2020","6.5708","6.6009","6.6029","6.5645","","-0.33%"
"13-11-2020","6.5924","6.6178","6.6290","6.5924","","-0.37%"
"12-11-2020","6.6167","6.6168","6.6360","6.6011","","0.01%"
"11-11-2020","6.6163","6.5991","6.6302","6.5814","","0.27%"
"10-11-2020","6.5983","6.6154","6.6293","6.5856","","-0.25%"
"09-11-2020","6.6150","6.5875","6.6501","6.5468","","0.36%"
"06-11-2020","6.5913","6.6113","6.6301","6.5851","","-0.28%"
"05-11-2020","6.6101","6.6213","6.6646","6.6004","","-0.15%"
"04-11-2020","6.6201","6.6812","6.7752","6.6193","","-0.88%"
"03-11-2020","6.6791","6.6888","6.6968","6.6713","","-0.13%"
"02-11-2020","6.6875","6.6933","6.7053","6.6832","","-0.10%"
"30-10-2020","6.6943","6.7091","6.7126","6.6761","","-0.21%"
"29-10-2020","6.7081","6.7284","6.7313","6.6998","","-0.29%"
"28-10-2020","6.7276","6.7151","6.7389","6.7048","","0.21%"
"27-10-2020","6.7135","6.7008","6.7245","6.6873","","0.20%"
"26-10-2020","6.7000","6.6655","6.7188","6.6600","","0.51%"
"23-10-2020","6.6657","6.6705","6.6851","6.6490","","-0.05%"
"22-10-2020","6.6688","6.6441","6.6785","6.6392","","0.39%"
"21-10-2020","6.6429","6.6640","6.6649","6.6272","","-0.30%"
"20-10-2020","6.6630","6.6792","6.6852","6.6557","","-0.23%"
"19-10-2020","6.6785","6.6958","6.7013","6.6691","","-0.25%"
"16-10-2020","6.6952","6.7130","6.7210","6.6862","","-0.24%"
"15-10-2020","6.7115","6.7108","6.7337","6.7013","","0.02%"
"14-10-2020","6.7099","6.7362","6.7452","6.7032","","-0.36%"
"13-10-2020","6.7343","6.7438","6.7669","6.7287","","-0.13%"
"12-10-2020","6.7428","6.7041","6.7578","6.6876","","0.82%"
"09-10-2020","6.6881","6.7392","6.7430","6.6783","","-0.73%"
"08-10-2020","6.7373","6.7336","6.7492","6.7232","","0.05%"
"07-10-2020","6.7337","6.7481","6.7558","6.7252","","-0.19%"
"06-10-2020","6.7465","6.7192","6.7498","6.7157","","0.41%"
"05-10-2020","6.7187","6.7523","6.7578","6.7132","","-0.47%"
"02-10-2020","6.7505","6.7491","6.7786","6.7441","","0.04%"
"01-10-2020","6.7478","6.7836","6.7916","6.7302","","-0.52%"
"30-09-2020","6.7833","6.8164","6.8260","6.7803","","-0.48%"
"29-09-2020","6.8160","6.8130","6.8315","6.8116","","0.06%"
"28-09-2020","6.8122","6.8246","6.8361","6.8097","","-0.13%"
"25-09-2020","6.8208","6.8264","6.8460","6.8081","","-0.08%"
"24-09-2020","6.8261","6.8251","6.8474","6.8131","","0.03%"
"23-09-2020","6.8240","6.7842","6.8299","6.7785","","0.65%"
"22-09-2020","6.7797","6.7930","6.8024","6.7713","","-0.18%"
"21-09-2020","6.7921","6.7786","6.8092","6.7526","","0.22%"
"18-09-2020","6.7774","6.7539","6.7808","6.7445","","0.36%"
"17-09-2020","6.7531","6.7453","6.7839","6.7425","","0.13%"
"16-09-2020","6.7444","6.7811","6.7875","6.7420","","-0.52%"
"15-09-2020","6.7799","6.8089","6.8120","6.7656","","-0.41%"
"14-09-2020","6.8078","6.8342","6.8366","6.8042","","-0.37%"
"11-09-2020","6.8330","6.8453","6.8463","6.8309","","-0.17%"
"10-09-2020","6.8443","6.8314","6.8468","6.8238","","0.20%"
"09-09-2020","6.8305","6.8540","6.8621","6.8298","","-0.34%"
"08-09-2020","6.8536","6.8327","6.8573","6.8270","","0.32%"
"07-09-2020","6.8317","6.8361","6.8411","6.8275","","-0.06%"
"04-09-2020","6.8356","6.8468","6.8509","6.8344","","-0.14%"
"03-09-2020","6.8451","6.8334","6.8513","6.8237","","0.19%"
"02-09-2020","6.8319","6.8369","6.8398","6.8218","","-0.07%"
"01-09-2020","6.8366","6.8477","6.8523","6.8130","","-0.16%"
"31-08-2020","6.8477","6.8587","6.8630","6.8426","","-0.14%"
"28-08-2020","6.8574","6.8884","6.8900","6.8565","","-0.45%"
"27-08-2020","6.8885","6.8812","6.8949","6.8677","","0.13%"
"26-08-2020","6.8796","6.9042","6.9068","6.8794","","-0.34%"
"25-08-2020","6.9032","6.9108","6.9151","6.8994","","-0.09%"
"24-08-2020","6.9094","6.9208","6.9225","6.9025","","-0.14%"
"21-08-2020","6.9192","6.9075","6.9267","6.8931","","0.19%"
"20-08-2020","6.9061","6.9209","6.9274","6.9045","","-0.21%"
"19-08-2020","6.9204","6.9063","6.9264","6.8974","","0.22%"
"18-08-2020","6.9055","6.9333","6.9353","6.9050","","-0.38%"
"17-08-2020","6.9321","6.9408","6.9461","6.9301","","-0.11%"
"14-08-2020","6.9399","6.9480","6.9542","6.9385","","-0.09%"
"13-08-2020","6.9459","6.9333","6.9549","6.9271","","0.20%"
"12-08-2020","6.9323","6.9419","6.9560","6.9310","","-0.10%"
"11-08-2020","6.9394","6.9615","6.9678","6.9361","","-0.30%"
"10-08-2020","6.9605","6.9668","6.9757","6.9573","","-0.08%"
"07-08-2020","6.9660","6.9437","6.9776","6.9419","","0.34%"
"06-08-2020","6.9425","6.9436","6.9546","6.9324","","0.01%"
"05-08-2020","6.9421","6.9748","6.9783","6.9316","","-0.46%"
"04-08-2020","6.9741","6.9826","6.9908","6.9733","","-0.10%"
"03-08-2020","6.9814","6.9897","6.9951","6.9749","","-0.08%"
"31-07-2020","6.9873","7.0015","7.0053","6.9745","","-0.19%"
"30-07-2020","7.0003","6.9974","7.0183","6.9912","","0.04%"
"29-07-2020","6.9977","7.0058","7.0115","6.9945","","-0.09%"
"28-07-2020","7.0042","6.9999","7.0132","6.9859","","0.09%"
"27-07-2020","6.9979","7.0156","7.0208","6.9959","","-0.24%"
"24-07-2020","7.0147","7.0130","7.0314","7.0026","","0.04%"
"23-07-2020","7.0117","7.0177","7.0187","6.9924","","-0.06%"
"22-07-2020","7.0161","6.9718","7.0198","6.9636","","0.64%"
"21-07-2020","6.9716","6.9876","6.9960","6.9687","","-0.21%"
"20-07-2020","6.9860","6.9909","7.0009","6.9823","","-0.04%"
"17-07-2020","6.9889","6.9933","7.0044","6.9884","","-0.05%"
"16-07-2020","6.9921","6.9822","7.0033","6.9805","","0.15%"
"15-07-2020","6.9817","7.0111","7.0131","6.9798","","-0.40%"
"14-07-2020","7.0094","7.0050","7.0260","6.9981","","0.08%"
"13-07-2020","7.0037","7.0108","7.0149","6.9935","","-0.07%"
"10-07-2020","7.0089","6.9974","7.0182","6.9933","","0.17%"
"09-07-2020","6.9967","6.9973","7.0021","6.9804","","-0.01%"
"08-07-2020","6.9976","7.0234","7.0307","6.9973","","-0.35%"
"07-07-2020","7.0221","7.0135","7.0286","6.9962","","0.14%"
"06-07-2020","7.0126","7.0670","7.0705","7.0097","","-0.77%"
"03-07-2020","7.0669","7.0678","7.0726","7.0619","","0.00%"
"02-07-2020","7.0669","7.0673","7.0763","7.0620","","0.03%"
"01-07-2020","7.0646","7.0700","7.0770","7.0580","","-0.05%"
"30-06-2020","7.0681","7.0766","7.0827","7.0623","","-0.10%"
"29-06-2020","7.0753","7.0852","7.0890","7.0682","","-0.14%"
"26-06-2020","7.0849","7.0816","7.0913","7.0752","","0.06%"
"25-06-2020","7.0809","7.0791","7.0905","7.0747","","0.05%"
"24-06-2020","7.0775","7.0627","7.0850","7.0451","","0.24%"
"23-06-2020","7.0608","7.0584","7.0886","7.0505","","0.06%"
"22-06-2020","7.0568","7.0767","7.0828","7.0552","","-0.28%"
"19-06-2020","7.0763","7.0804","7.0855","7.0634","","-0.05%"
"18-06-2020","7.0797","7.0760","7.0882","7.0613","","0.07%"
"17-06-2020","7.0746","7.0823","7.0921","7.0687","","-0.09%"
"16-06-2020","7.0810","7.0733","7.0915","7.0597","","0.14%"
"15-06-2020","7.0713","7.0764","7.0986","7.0681","","-0.06%"
"12-06-2020","7.0757","7.0811","7.0893","7.0665","","-0.06%"
"11-06-2020","7.0800","7.0532","7.0853","7.0468","","0.39%"
"10-06-2020","7.0526","7.0770","7.0840","7.0395","","-0.33%"
"09-06-2020","7.0760","7.0558","7.0931","7.0549","","0.30%"
"08-06-2020","7.0548","7.0708","7.0886","7.0539","","-0.20%"
"05-06-2020","7.0686","7.1076","7.1188","7.0665","","-0.54%"
"04-06-2020","7.1070","7.1159","7.1343","7.1030","","-0.12%"
"03-06-2020","7.1152","7.1068","7.1285","7.0876","","0.15%"
"02-06-2020","7.1047","7.1263","7.1346","7.1013","","-0.28%"
"01-06-2020","7.1250","7.1334","7.1528","7.1227","","-0.11%"
"29-05-2020","7.1330","7.1727","7.1778","7.1311","","-0.51%"
"28-05-2020","7.1693","7.1768","7.1885","7.1535","","-0.07%"
"27-05-2020","7.1745","7.1448","7.1975","7.1422","","0.42%"
"26-05-2020","7.1442","7.1487","7.1526","7.1350","","-0.04%"
"25-05-2020","7.1469","7.1501","7.1597","7.1448","","-0.01%"
"22-05-2020","7.1473","7.1332","7.1658","7.1262","","0.21%"
"21-05-2020","7.1321","7.1067","7.1375","7.1007","","0.39%"
"20-05-2020","7.1045","7.1185","7.1261","7.0981","","-0.18%"
"19-05-2020","7.1174","7.1198","7.1282","7.1087","","0.00%"
"18-05-2020","7.1173","7.1343","7.1459","7.1161","","-0.22%"
"15-05-2020","7.1328","7.1111","7.1366","7.1073","","0.35%"
"14-05-2020","7.1082","7.1119","7.1309","7.1062","","-0.03%"
"13-05-2020","7.1100","7.1074","7.1156","7.0944","","0.06%"
"12-05-2020","7.1060","7.1079","7.1150","7.0884","","0.01%"
"11-05-2020","7.1056","7.0939","7.1127","7.0837","","0.18%"
"08-05-2020","7.0930","7.0929","7.0984","7.0807","","0.02%"
"07-05-2020","7.0915","7.1300","7.1385","7.0905","","-0.51%"
"06-05-2020","7.1275","7.1212","7.1332","7.0995","","0.09%"
"05-05-2020","7.1210","7.1312","7.1339","7.1107","","-0.12%"
"04-05-2020","7.1299","7.1367","7.1568","7.1220","","-0.09%"
"01-05-2020","7.1362","7.0820","7.1413","7.0763","","0.80%"
"30-04-2020","7.0793","7.0727","7.0899","7.0522","","0.08%"
"29-04-2020","7.0733","7.0885","7.0901","7.0707","","-0.19%"
"28-04-2020","7.0868","7.0927","7.0994","7.0756","","-0.06%"
"27-04-2020","7.0911","7.0901","7.0966","7.0773","","0.03%"
"24-04-2020","7.0891","7.0946","7.0992","7.0830","","-0.05%"
"23-04-2020","7.0929","7.1006","7.1044","7.0783","","-0.09%"
"22-04-2020","7.0995","7.1035","7.1068","7.0895","","-0.03%"
"21-04-2020","7.1014","7.0917","7.1105","7.0827","","0.17%"
"20-04-2020","7.0897","7.0792","7.0943","7.0738","","0.18%"
"17-04-2020","7.0771","7.0881","7.0903","7.0681","","-0.14%"
"16-04-2020","7.0872","7.0706","7.0938","7.0693","","0.25%"
"15-04-2020","7.0692","7.0470","7.0795","7.0416","","0.33%"
"14-04-2020","7.0460","7.0542","7.0685","7.0424","","-0.10%"
"13-04-2020","7.0532","7.0448","7.0629","7.0434","","0.14%"
"10-04-2020","7.0434","7.0593","7.0630","7.0358","","-0.20%"
"09-04-2020","7.0576","7.0692","7.0848","7.0452","","-0.14%"
"08-04-2020","7.0676","7.0672","7.0831","7.0609","","0.02%"
"07-04-2020","7.0661","7.1072","7.1105","7.0483","","-0.57%"
"06-04-2020","7.1066","7.1103","7.1203","7.0974","","-0.05%"
"03-04-2020","7.1098","7.0934","7.1210","7.0872","","0.27%"
"02-04-2020","7.0910","7.1226","7.1435","7.0850","","-0.43%"
"01-04-2020","7.1215","7.0942","7.1351","7.0780","","0.41%"
"31-03-2020","7.0927","7.1143","7.1200","7.0803","","-0.29%"
"30-03-2020","7.1132","7.0875","7.1234","7.0866","","0.36%"
"27-03-2020","7.0880","7.0814","7.1190","7.0651","","0.11%"
"26-03-2020","7.0804","7.1267","7.1411","7.0743","","-0.63%"
"25-03-2020","7.1254","7.0852","7.1437","7.0579","","0.62%"
"24-03-2020","7.0817","7.1216","7.1265","7.0684","","-0.54%"
"23-03-2020","7.1202","7.1284","7.1527","7.0896","","-0.10%"
"20-03-2020","7.1271","7.1575","7.1642","7.0675","","-0.40%"
"19-03-2020","7.1560","7.0745","7.1663","7.0598","","1.18%"
"18-03-2020","7.0725","7.0316","7.0929","7.0170","","0.61%"
"17-03-2020","7.0295","7.0126","7.0453","6.9942","","0.27%"
"16-03-2020","7.0109","7.0214","7.0315","6.9837","","-0.14%"
"13-03-2020","7.0204","7.0276","7.0526","6.9893","","-0.08%"
"12-03-2020","7.0262","6.9689","7.0426","6.9660","","0.84%"
"11-03-2020","6.9680","6.9637","6.9710","6.9479","","0.08%"
"10-03-2020","6.9621","6.9530","6.9683","6.9314","","0.16%"
"09-03-2020","6.9513","6.9281","6.9598","6.9045","","0.36%"
"06-03-2020","6.9266","6.9411","6.9632","6.9245","","-0.20%"
"05-03-2020","6.9405","6.9235","6.9472","6.9215","","0.27%"
"04-03-2020","6.9217","6.9498","6.9532","6.9172","","-0.39%"
"03-03-2020","6.9488","6.9621","6.9879","6.9374","","-0.18%"
"02-03-2020","6.9611","6.9925","6.9948","6.9535","","-0.22%"
"28-02-2020","6.9762","7.0105","7.0212","6.9763","","-0.47%"
"27-02-2020","7.0091","7.0226","7.0304","6.9981","","-0.17%"
"26-02-2020","7.0208","7.0286","7.0382","7.0189","","-0.10%"
"25-02-2020","7.0276","7.0350","7.0376","7.0128","","-0.11%"
"24-02-2020","7.0351","7.0360","7.0569","7.0273","","0.00%"
"21-02-2020","7.0349","7.0450","7.0574","7.0339","","-0.14%"
"20-02-2020","7.0450","7.0132","7.0553","7.0075","","0.47%"
"19-02-2020","7.0121","7.0059","7.0176","6.9932","","0.10%"
"18-02-2020","7.0052","6.9851","7.0115","6.9828","","0.30%"
"17-02-2020","6.9841","6.9934","6.9938","6.9734","","-0.12%"
"14-02-2020","6.9924","6.9897","6.9976","6.9806","","0.06%"
"13-02-2020","6.9883","6.9742","6.9925","6.9714","","0.23%"
"12-02-2020","6.9726","6.9707","6.9776","6.9571","","0.05%"
"11-02-2020","6.9692","6.9846","6.9861","6.9622","","-0.20%"
"10-02-2020","6.9830","7.0070","7.0132","6.9771","","-0.32%"
"07-02-2020","7.0054","6.9781","7.0108","6.9734","","0.40%"
"06-02-2020","6.9774","6.9750","6.9813","6.9569","","0.05%"
"05-02-2020","6.9739","6.9907","7.0107","6.9629","","-0.23%"
"04-02-2020","6.9899","7.0141","7.0234","6.9858","","-0.32%"
"03-02-2020","7.0125","7.0013","7.0233","6.9841","","0.17%"
"31-01-2020","7.0004","6.9819","7.0079","6.9715","","0.26%"
"30-01-2020","6.9820","6.9695","7.0047","6.9671","","0.19%"
"29-01-2020","6.9687","6.9663","6.9712","6.9528","","0.06%"
"28-01-2020","6.9648","6.9858","6.9894","6.9651","","-0.28%"
"27-01-2020","6.9843","6.9408","6.9903","6.9391","","0.82%"
"24-01-2020","6.9275","6.9288","6.9394","6.9201","","-0.01%"
"23-01-2020","6.9282","6.9106","6.9435","6.9068","","0.28%"
"22-01-2020","6.9087","6.9090","6.9185","6.8952","","-0.01%"
"21-01-2020","6.9093","6.8671","6.9134","6.8642","","0.63%"
"20-01-2020","6.8661","6.8623","6.8742","6.8453","","0.01%"
"17-01-2020","6.8655","6.8769","6.8829","6.8575","","-0.14%"
"16-01-2020","6.8748","6.8915","6.8958","6.8707","","-0.23%"
"15-01-2020","6.8905","6.8891","6.9063","6.8850","","0.03%"
"14-01-2020","6.8881","6.8818","6.8934","6.8660","","0.11%"
"13-01-2020","6.8805","6.9127","6.9163","6.8798","","-0.46%"